ID,Experience_Years,Age,Gender,Education,Department,Location,Performance_Rating,Salary
1,10,42,Female,Master,Engineering,Suburban,4,267046.4
2,7,29,Female,Master,Sales,Urban,2,96331.98
3,8,26,Male,Bachelor,Sales,Urban,1,123591.04
4,16,34,Female,Bachelor,Finance,Urban,4,258370.42
5,6,33,Male,Bachelor,Finance,Urban,1,129491.92
6,6,30,Male,Bachelor,Sales,Urban,2,84252.41
7,17,41,Male,Master,Marketing,Urban,3,278302.51
8,12,44,Male,Master,Marketing,Urban,2,245363.41
9,5,35,Female,Bachelor,Finance,Urban,5,175148.34
10,11,49,Male,Bachelor,Engineering,Urban,4,239343.87
11,5,23,Male,Master,Engineering,Urban,2,119982.89
12,5,33,Female,PhD,Finance,Suburban,3,168594.2
13,9,27,Male,Bachelor,Sales,Urban,1,127636.31
14,0,18,Female,Bachelor,Engineering,Urban,4,50096.97
15,0,34,Male,Bachelor,Engineering,Suburban,2,60178.91
16,4,33,Female,PhD,Operations,Suburban,3,85347.23
17,1,50,Female,High School,Finance,Suburban,2,51006.35
18,9,41,Male,Bachelor,Finance,Urban,5,225043.25
19,2,24,Male,Bachelor,Sales,Urban,4,87255.52
20,0,53,Male,Bachelor,Sales,Suburban,1,71085.18
21,16,47,Female,Bachelor,Operations,Urban,3,192952.43
22,6,40,Male,PhD,Operations,Urban,2,145597.72
23,8,32,Male,High School,Engineering,Urban,4,128397.14
24,0,25,Male,Bachelor,Finance,Suburban,2,52893.94
25,4,31,Male,High School,Engineering,Urban,4,79113.62
26,8,45,Male,High School,Engineering,Rural,5,112304.15
27,1,53,Female,Bachelor,HR,Suburban,2,46961.35
28,10,50,Male,Bachelor,Sales,Urban,5,233266.31
29,4,30,Male,Bachelor,Operations,Suburban,3,55056.1
30,5,23,Female,Bachelor,Engineering,Suburban,5,91835.5
31,4,36,Female,High School,Sales,Suburban,4,89097.3
32,0,18,Male,Bachelor,Operations,Urban,3,251679.52
33,7,38,Male,PhD,Operations,Suburban,2,136378.59
34,1,33,Male,Master,Engineering,Urban,2,98234.22
35,12,30,Female,Bachelor,Marketing,Rural,4,100418.33
36,0,19,Male,Bachelor,HR,Urban,1,31025.26
37,9,40,Female,Master,Engineering,Urban,1,160701.39
38,0,29,Female,High School,Operations,Suburban,2,20128.59
39,0,23,Male,Master,Operations,Suburban,4,47366.13
40,0,18,Male,Master,Engineering,Urban,1,132131.63
41,12,34,Male,High School,Engineering,Urban,5,208867.51
42,9,52,Male,High School,Engineering,Urban,2,120181.52
43,7,51,Male,PhD,Operations,Rural,5,208498.5
44,6,30,Female,Bachelor,Engineering,Suburban,4,69587.18
45,0,28,Female,High School,Sales,Suburban,5,45921.73
46,3,39,Female,Bachelor,Sales,Urban,1,77332.95
47,5,25,Female,Bachelor,Sales,Urban,1,62506.25
48,14,38,Male,Bachelor,Engineering,Suburban,3,224359.12
49,10,42,Male,Master,Engineering,Suburban,2,243059.02
50,0,47,Male,PhD,Operations,Urban,4,122524.27
51,9,33,Female,Bachelor,Operations,Suburban,2,69554.83
52,5,32,Female,Bachelor,Finance,Urban,5,128483.93
53,3,26,Female,Bachelor,Engineering,Urban,4,54872.83
54,8,26,Male,Bachelor,Marketing,Urban,4,151927.76
55,14,32,Male,High School,HR,Urban,1,105526.64
56,13,38,Female,PhD,Marketing,Urban,5,408183.11
57,2,44,Male,Master,Operations,Urban,1,86003.33
58,6,26,Female,Bachelor,HR,Urban,1,44539.05
59,9,49,Female,Bachelor,Engineering,Suburban,3,112352.5
60,13,32,Female,Bachelor,Operations,Urban,1,123591.94
61,5,34,Male,Bachelor,Operations,Urban,2,63178.69
62,6,27,Male,Bachelor,Engineering,Urban,4,122656.2
63,0,18,Male,Bachelor,Sales,Urban,1,47149.63
64,0,43,Male,PhD,Marketing,Suburban,2,131327.7
65,12,42,Male,Bachelor,Marketing,Urban,5,261494.35
66,14,32,Female,Bachelor,Engineering,Suburban,4,172444.26
67,7,35,Female,Master,Sales,Suburban,5,130190.47
68,14,40,Male,High School,Operations,Urban,2,132243.09
69,1,19,Male,Bachelor,Sales,Urban,5,173888.05
70,4,29,Male,Bachelor,Engineering,Urban,5,111152.33
71,10,42,Male,Bachelor,HR,Urban,5,167891.26
72,4,22,Female,Master,Marketing,Suburban,1,197629.5
73,7,37,Male,Bachelor,Finance,Urban,1,119702.82
74,3,21,Male,Master,Sales,Urban,1,314668.65
75,0,39,Male,Bachelor,Engineering,Urban,4,89952.18
76,12,34,Female,Bachelor,Engineering,Urban,2,188303.47
77,0,18,Female,Master,Finance,Urban,1,115524.25
78,6,46,Male,Bachelor,Marketing,Urban,5,159932.9
79,8,27,Male,Bachelor,Finance,Urban,5,232890.57
80,0,26,Female,Bachelor,Engineering,Urban,5,63073.85
81,6,37,Female,Bachelor,Marketing,Suburban,5,92814.84
82,10,46,Male,High School,Sales,Suburban,3,132056.24
83,6,24,Female,Bachelor,Operations,Urban,4,203979.29
84,4,35,Female,Bachelor,Operations,Urban,2,54082.5
85,3,39,Female,Bachelor,Engineering,Rural,2,46999.12
86,4,41,Female,PhD,Marketing,Urban,1,131109.32
87,13,36,Female,Bachelor,Engineering,Urban,3,219093.51
88,9,31,Male,Master,Sales,Urban,2,141712.53
89,4,26,Female,High School,Sales,Suburban,4,43354.52
90,11,35,Male,Bachelor,Operations,Urban,5,173084.55
91,6,24,Female,Master,Operations,Rural,1,66010.19
92,0,18,Male,Bachelor,Marketing,Suburban,4,145823.58
93,3,39,Female,Master,Sales,Suburban,2,92476.43
94,6,44,Female,Bachelor,Finance,Suburban,3,96277.29
95,0,18,Male,High School,Finance,Urban,1,43003.47
96,0,24,Female,Bachelor,Engineering,Urban,2,49696.66
97,9,41,Male,Bachelor,Marketing,Suburban,1,93316.74
98,9,55,Female,Master,Sales,Rural,2,119443.77
99,8,35,Male,Bachelor,Engineering,Urban,5,149353.5
100,6,27,Male,PhD,Engineering,Rural,3,96837.91
101,0,33,Female,PhD,Engineering,Urban,5,148568.73
102,5,48,Male,Bachelor,HR,Urban,2,81259.43
103,5,28,Female,Bachelor,Marketing,Urban,4,96136.11
104,3,27,Male,Master,Engineering,Urban,5,176726.6
105,7,30,Male,PhD,Engineering,Urban,4,210453.63
106,7,25,Male,Bachelor,Finance,Urban,2,130126.98
107,18,36,Female,Bachelor,Finance,Urban,3,355336.64
108,9,51,Male,Bachelor,Sales,Urban,4,192284.67
109,9,38,Male,Bachelor,Sales,Urban,2,137799.69
110,7,32,Male,Bachelor,Operations,Rural,4,46930.28
111,0,32,Male,Master,Engineering,Urban,5,123278.26
112,1,19,Female,High School,Engineering,Urban,2,66878.96
113,8,43,Female,High School,Marketing,Urban,5,124022.14
114,16,34,Male,Bachelor,Engineering,Urban,1,357706.53
115,6,33,Female,Bachelor,Marketing,Suburban,2,66298.31
116,9,65,Male,Bachelor,Operations,Urban,4,156245.98
117,7,37,Female,Bachelor,HR,Suburban,1,49781.51
118,0,27,Female,Bachelor,Sales,Urban,5,82864.75
119,12,30,Female,High School,Operations,Urban,5,151510.76
120,12,46,Male,Bachelor,Engineering,Urban,4,233113.05
121,12,36,Female,PhD,Engineering,Urban,1,237101.09
122,2,20,Male,Bachelor,Sales,Urban,3,64129.11
123,16,44,Female,Bachelor,HR,Urban,4,184364.74
124,0,28,Male,Bachelor,Engineering,Urban,5,98486.3
125,11,53,Female,PhD,Sales,Urban,2,280584.52
126,21,45,Female,Bachelor,HR,Rural,1,145219.57
127,2,30,Female,Bachelor,HR,Urban,3,46957.34
128,4,47,Male,Master,HR,Urban,2,83622.47
129,8,35,Female,Bachelor,Marketing,Urban,1,93903.37
130,4,43,Male,High School,Engineering,Urban,4,76506.95
131,0,39,Female,Bachelor,Sales,Urban,4,64478.34
132,8,26,Male,High School,Engineering,Suburban,1,72667.43
133,1,28,Male,Bachelor,Operations,Rural,3,39700.07
134,10,45,Male,Master,Sales,Urban,1,150635.2
135,2,31,Male,Bachelor,Marketing,Urban,2,59656.7
136,12,30,Male,Master,Finance,Urban,2,369400.76
137,3,25,Male,High School,Sales,Suburban,4,51216.91
138,6,39,Male,Master,Marketing,Urban,1,133548.39
139,12,55,Female,Bachelor,Finance,Urban,4,267378.81
140,0,24,Female,Bachelor,Finance,Urban,3,67198.7
141,9,35,Male,High School,HR,Suburban,2,54577.7
142,15,49,Male,PhD,Engineering,Urban,5,497174.67
143,0,34,Male,High School,Sales,Urban,5,94149.9
144,9,39,Male,High School,Finance,Suburban,1,105667.73
145,6,24,Female,Bachelor,Engineering,Urban,1,85805.48
146,12,39,Female,Bachelor,Engineering,Suburban,5,213078.23
147,0,33,Male,Bachelor,Finance,Urban,1,71572.15
148,0,44,Male,High School,Engineering,Suburban,2,54177.11
149,11,46,Male,Bachelor,Finance,Suburban,3,199975.43
150,9,60,Female,Bachelor,Sales,Urban,3,131457.48
151,9,40,Female,Bachelor,Sales,Suburban,4,112667.38
152,10,38,Male,Bachelor,Engineering,Urban,2,155158.14
153,3,36,Male,Master,Finance,Rural,1,76829.39
154,9,31,Female,Bachelor,Marketing,Urban,1,96292.3
155,9,38,Female,Bachelor,Sales,Suburban,4,149680.67
156,3,32,Male,Bachelor,HR,Urban,4,55625.48
157,18,36,Male,PhD,Finance,Rural,1,284439.65
158,10,48,Male,PhD,Operations,Urban,1,130898.43
159,0,24,Female,Master,Sales,Rural,2,46686.03
160,11,46,Male,Bachelor,Marketing,Rural,4,114106.88
161,2,48,Male,High School,Operations,Urban,2,54831.2
162,12,33,Female,Bachelor,HR,Suburban,1,74687.7
163,0,18,Male,Bachelor,Marketing,Rural,5,122436.42
164,3,28,Female,Bachelor,Engineering,Urban,5,68838.73
165,13,47,Male,Master,Finance,Urban,1,304506.81
166,10,34,Male,Master,Marketing,Urban,4,221268.21
167,7,25,Female,Master,HR,Urban,5,174747.67
168,11,29,Male,Bachelor,Sales,Urban,4,248662.45
169,6,43,Female,Bachelor,Engineering,Urban,5,153580.33
170,3,40,Male,Bachelor,HR,Urban,4,83148.23
171,2,32,Male,High School,Engineering,Urban,5,90244.05
172,3,31,Female,Master,Sales,Urban,4,94910.29
173,7,31,Male,High School,Sales,Suburban,2,69687.95
174,7,25,Female,Bachelor,Sales,Suburban,4,91417.36
175,9,51,Male,Bachelor,Finance,Urban,2,204842.8
176,12,31,Male,Bachelor,Finance,Suburban,2,168286.69
177,8,47,Male,Master,Finance,Suburban,1,122654.14
178,16,50,Male,Bachelor,Engineering,Rural,2,170783.64
179,6,44,Female,Master,Engineering,Urban,3,166841.81
180,12,30,Female,Bachelor,Sales,Urban,2,308658.87
181,11,39,Male,Bachelor,Operations,Rural,4,96639.18
182,2,34,Male,Master,Finance,Rural,2,69835.66
183,1,25,Female,Bachelor,Finance,Suburban,4,70997.69
184,10,38,Female,PhD,Marketing,Suburban,4,190861.52
185,5,23,Male,Bachelor,Sales,Urban,3,63933.8
186,12,46,Male,Bachelor,Sales,Urban,2,165609.6
187,10,30,Male,Bachelor,Engineering,Urban,2,164435.83
188,7,37,Female,Master,Engineering,Urban,5,193653.25
189,2,37,Male,High School,Operations,Suburban,5,70985.65
190,0,32,Male,Master,Engineering,Urban,1,92813.83
191,5,40,Female,Bachelor,Engineering,Urban,4,114318.06
192,12,30,Male,Bachelor,Engineering,Rural,3,140164.68
193,9,43,Male,Bachelor,Operations,Urban,5,148731.94
194,0,21,Male,Bachelor,Sales,Rural,2,35590.89
195,9,36,Male,Bachelor,HR,Rural,1,52018.37
196,10,54,Male,Master,Operations,Urban,3,204488.4
197,2,24,Male,Bachelor,Marketing,Urban,2,48577.19
198,8,28,Male,Bachelor,HR,Urban,2,63203.45
199,8,40,Female,Bachelor,Engineering,Urban,4,115592.76
200,1,36,Female,High School,Engineering,Urban,4,84559.14
201,10,38,Female,Bachelor,Finance,Urban,5,236141.11
202,11,39,Male,Bachelor,Finance,Rural,5,199331.36
203,14,41,Male,Bachelor,Marketing,Urban,2,154378.77
204,14,46,Male,High School,Marketing,Suburban,2,139403.59
205,0,39,Male,Bachelor,Sales,Urban,5,102770.18
206,2,32,Male,Bachelor,Engineering,Urban,5,111768.51
207,11,41,Female,Bachelor,Engineering,Rural,2,86864.41
208,11,53,Male,Bachelor,Engineering,Urban,3,207788.91
209,11,33,Male,High School,Marketing,Urban,2,102749.07
210,7,25,Male,Master,Finance,Suburban,3,771048.86
211,11,46,Female,Master,Marketing,Suburban,3,190270.72
212,14,33,Male,Master,Engineering,Suburban,2,186853.47
213,0,18,Female,High School,Sales,Urban,1,107270.26
214,11,43,Male,Master,Finance,Urban,5,436585.65
215,6,29,Female,Master,Engineering,Rural,4,87965.75
216,12,34,Female,Master,Engineering,Rural,2,129567.49
217,3,38,Male,High School,Marketing,Urban,3,63780.65
218,6,36,Male,Bachelor,Finance,Suburban,2,107131.51
219,5,42,Male,Master,Sales,Urban,5,191952.41
220,8,30,Male,Bachelor,Finance,Urban,3,161610.72
221,21,40,Female,Bachelor,Operations,Urban,4,331859.86
222,0,32,Female,Bachelor,Finance,Urban,4,78631.56
223,12,42,Female,Bachelor,HR,Urban,4,93546.28
224,0,41,Female,High School,Sales,Urban,1,51784.47
225,5,25,Male,Bachelor,Engineering,Urban,3,118859.52
226,14,45,Male,High School,Operations,Suburban,3,124351.87
227,8,29,Female,Bachelor,Marketing,Suburban,1,55529.45
228,1,43,Male,Bachelor,Engineering,Suburban,3,77518.72
229,3,38,Female,Bachelor,HR,Rural,1,24795.21
230,12,53,Male,High School,Marketing,Urban,2,147944.94
231,3,32,Male,Bachelor,Sales,Urban,5,85368.53
232,9,31,Female,Master,Sales,Suburban,4,147466.17
233,8,34,Male,High School,Sales,Urban,1,69554.23
234,4,31,Female,High School,Finance,Urban,1,61104.44
235,20,42,Female,High School,Marketing,Urban,1,163674.33
236,0,18,Female,Master,Sales,Suburban,2,140470.26
237,0,24,Female,Bachelor,Sales,Urban,1,43951.66
238,6,24,Female,Bachelor,HR,Suburban,5,72282.81
239,4,44,Female,High School,Finance,Urban,5,125063.1
240,13,52,Male,Bachelor,Marketing,Suburban,4,185370.5
241,3,33,Male,Master,HR,Suburban,2,52511.09
242,7,33,Female,Master,Engineering,Suburban,5,223442.62
243,11,35,Male,Bachelor,Operations,Urban,3,137994.27
244,13,46,Male,High School,Marketing,Urban,3,151763.04
245,0,25,Male,High School,Finance,Suburban,3,64776.52
246,5,37,Female,High School,Engineering,Urban,1,78107.08
247,5,44,Female,Bachelor,Engineering,Urban,1,80813.23
248,4,40,Male,High School,Sales,Urban,3,82518.7
249,18,36,Female,Bachelor,Finance,Rural,4,200372.29
250,10,45,Female,Bachelor,Sales,Urban,4,154698.87
251,0,18,Female,Master,Operations,Suburban,1,34422.14
252,13,41,Female,Bachelor,Sales,Urban,3,182771.93
253,10,28,Female,Master,Sales,Urban,4,451052.01
254,0,18,Male,Master,Engineering,Suburban,1,214666.1
255,0,40,Female,High School,Finance,Urban,3,72379.26
256,5,48,Male,Master,Engineering,Urban,2,127639.66
257,15,33,Female,Bachelor,Finance,Suburban,3,177962.92
258,3,44,Female,Bachelor,Operations,Suburban,3,50066.39
259,10,51,Male,Bachelor,Operations,Urban,5,165080.85
260,12,48,Male,PhD,Sales,Suburban,5,451985.51
261,2,51,Female,Bachelor,HR,Suburban,2,37660.77
262,7,42,Male,Bachelor,Finance,Suburban,2,112168.77
263,0,35,Female,Master,Engineering,Urban,3,113577.37
264,0,18,Male,High School,HR,Urban,4,33471.09
265,6,32,Male,Bachelor,Engineering,Rural,2,75319.29
266,0,26,Female,Master,Sales,Suburban,3,65859.21
267,17,56,Female,Master,Engineering,Urban,1,318430.21
268,0,33,Female,PhD,Engineering,Urban,5,155465.62
269,5,36,Male,PhD,Marketing,Urban,4,202960.51
270,8,40,Female,High School,Sales,Urban,3,72122.03
271,16,35,Female,Master,HR,Urban,1,158769.27
272,0,51,Female,Bachelor,Engineering,Urban,5,120102.93
273,10,28,Female,Bachelor,Sales,Suburban,1,130774.96
274,8,36,Female,High School,Engineering,Urban,3,119464.73
275,2,27,Male,Bachelor,Sales,Suburban,2,51270.11
276,3,21,Male,PhD,HR,Urban,5,271976.7
277,9,28,Female,Master,Sales,Urban,1,116532.51
278,4,34,Male,Bachelor,Finance,Urban,2,120946.21
279,8,30,Female,High School,Marketing,Urban,4,97765.46
280,5,28,Male,Bachelor,Finance,Suburban,3,82339.39
281,2,20,Female,Master,Sales,Suburban,3,120285.63
282,11,34,Female,Master,Sales,Urban,5,261104.4
283,1,19,Male,Bachelor,HR,Urban,1,150969.34
284,0,42,Male,High School,Engineering,Urban,4,76902.71
285,17,35,Male,Bachelor,HR,Suburban,5,238980.54
286,0,20,Female,Bachelor,HR,Suburban,5,46539.11
287,7,31,Female,Master,Marketing,Urban,1,100638.02
288,9,27,Male,Bachelor,Engineering,Suburban,4,178117.65
289,9,38,Female,Bachelor,Engineering,Suburban,1,88467.03
290,4,48,Male,Bachelor,Operations,Urban,3,103238.77
291,0,18,Male,High School,HR,Urban,2,39702.08
292,5,36,Female,PhD,Engineering,Rural,3,106949.41
293,4,33,Male,Bachelor,Marketing,Suburban,3,86252.78
294,13,41,Male,Bachelor,Sales,Urban,5,248128.08
295,10,37,Male,Bachelor,Finance,Urban,3,238192.28
296,3,27,Male,Bachelor,Engineering,Urban,4,102789.17
297,13,31,Male,Bachelor,Engineering,Urban,3,202873.87
298,9,27,Male,Master,Finance,Suburban,4,153667.58
299,12,45,Female,Bachelor,Engineering,Urban,1,144689.69
300,11,35,Male,Bachelor,Engineering,Suburban,5,201360.66
301,3,54,Male,High School,Operations,Suburban,4,72702.23
302,4,34,Male,Bachelor,HR,Urban,3,78047.66
303,9,27,Male,High School,Marketing,Urban,5,148762.68
304,1,19,Female,Bachelor,Engineering,Urban,5,202876.53
305,0,18,Female,Master,Engineering,Suburban,4,133953.35
306,1,19,Male,Master,Engineering,Urban,4,212696.74
307,15,37,Female,Bachelor,Finance,Suburban,2,204437.06
308,4,40,Female,Bachelor,Sales,Suburban,2,46005.75
309,1,19,Female,High School,Finance,Urban,5,161726.89
310,6,43,Male,Bachelor,Operations,Rural,2,46682.15
311,6,30,Male,Master,Sales,Rural,3,96481.8
312,14,36,Male,Bachelor,Engineering,Urban,1,212489.78
313,12,51,Female,Bachelor,Sales,Urban,5,237254.53
314,12,43,Male,Master,Operations,Rural,1,133795.28
315,14,32,Female,Master,Finance,Rural,2,223322.25
316,8,26,Male,Bachelor,Engineering,Urban,4,113159.05
317,0,18,Male,Bachelor,HR,Urban,5,90787.44
318,6,27,Female,High School,Sales,Urban,2,63472.7
319,9,32,Male,High School,Operations,Rural,3,56677.04
320,7,25,Male,Master,Engineering,Urban,5,178369.7
321,8,33,Female,Master,Sales,Urban,5,149470.73
322,11,35,Female,Master,Finance,Suburban,4,207760.15
323,3,32,Female,High School,Sales,Urban,5,72311.3
324,10,28,Female,Master,Sales,Suburban,4,399823.36
325,1,36,Female,Bachelor,Engineering,Urban,2,68047.6
326,0,39,Female,Bachelor,Marketing,Suburban,3,67829.65
327,6,24,Male,Bachelor,Marketing,Urban,3,156745.76
328,12,49,Male,High School,Operations,Suburban,5,152020.46
329,11,34,Male,Master,Marketing,Suburban,5,238023.71
330,11,35,Male,Bachelor,Sales,Urban,2,166386.09
331,7,42,Female,High School,HR,Urban,4,62604.89
332,2,37,Female,High School,Engineering,Urban,3,72333.01
333,8,44,Female,High School,Sales,Urban,4,111567.7
334,3,37,Male,High School,Finance,Suburban,2,59389.39
335,10,28,Female,Bachelor,Finance,Suburban,3,171170.38
336,7,38,Male,Master,HR,Urban,3,113801.07
337,3,23,Female,High School,HR,Suburban,1,25148.7
338,6,36,Female,High School,Engineering,Suburban,2,51492.02
339,10,34,Male,Bachelor,Operations,Suburban,2,88973.07
340,4,32,Male,Master,Engineering,Urban,1,113343.45
341,3,33,Male,Bachelor,Finance,Urban,4,113644.95
342,0,18,Female,Bachelor,Marketing,Urban,1,93488.98
343,9,29,Female,Bachelor,Operations,Urban,2,89998.38
344,4,35,Female,Bachelor,Finance,Urban,4,108432.01
345,5,36,Male,High School,Finance,Urban,3,102624.31
346,6,24,Male,Master,Engineering,Urban,1,161379.94
347,0,47,Female,Bachelor,Sales,Suburban,4,77068.92
348,0,26,Female,Bachelor,HR,Urban,4,31401.11
349,3,44,Male,Master,Finance,Urban,4,174370.78
350,6,39,Male,Bachelor,Engineering,Urban,1,75783.41
351,9,28,Female,Bachelor,Operations,Urban,3,105845.56
352,16,52,Male,Bachelor,Finance,Urban,4,360689.24
353,5,23,Male,High School,Marketing,Urban,1,105278.24
354,7,44,Male,High School,Finance,Urban,2,129476.89
355,7,45,Male,Bachelor,Sales,Urban,1,110548.14
356,1,28,Female,Master,Sales,Urban,1,55975.95
357,7,48,Female,PhD,Marketing,Urban,1,152609.3
358,6,32,Female,Bachelor,Sales,Suburban,4,80708.42
359,9,37,Male,High School,Finance,Urban,1,83324.05
360,3,37,Male,High School,Sales,Urban,2,56924.14
361,11,33,Male,Master,HR,Urban,4,171170.98
362,17,43,Male,Bachelor,HR,Urban,2,169730.04
363,7,42,Female,Bachelor,Finance,Urban,5,136819.89
364,0,18,Male,Master,Engineering,Urban,1,189400.1
365,12,48,Male,Master,Finance,Suburban,4,311414.3
366,0,18,Male,Master,Sales,Urban,4,123827.24
367,9,45,Male,High School,Marketing,Urban,1,95571.25
368,8,46,Male,Master,Engineering,Suburban,3,159682.15
369,6,24,Male,Master,Sales,Rural,3,120431.48
370,3,30,Female,Bachelor,Finance,Urban,2,72841.53
371,5,23,Male,Bachelor,Marketing,Urban,1,73583.7
372,10,32,Male,Bachelor,Finance,Urban,1,160634.61
373,13,31,Female,PhD,Engineering,Urban,5,655343.37
374,13,42,Female,High School,Sales,Urban,3,158641.12
375,20,48,Female,Bachelor,Operations,Urban,3,262058.65
376,3,48,Female,High School,Finance,Suburban,1,53976.16
377,11,29,Male,Master,Engineering,Urban,2,196572.86
378,9,32,Male,High School,Sales,Urban,1,107626.01
379,0,18,Male,Bachelor,Engineering,Urban,2,419740.95
380,3,26,Female,Bachelor,Sales,Suburban,3,68286.14
381,2,44,Female,Master,Finance,Urban,5,168958.74
382,4,51,Male,Bachelor,Finance,Suburban,4,105008.06
383,0,22,Male,High School,Engineering,Urban,3,43890.39
384,4,29,Female,Master,Operations,Urban,2,53679.55
385,3,34,Male,Bachelor,Sales,Urban,1,66664.38
386,8,37,Female,Master,Marketing,Urban,3,183298.72
387,8,26,Female,High School,Sales,Urban,5,126773.94
388,19,39,Female,Bachelor,HR,Urban,2,176990.85
389,12,30,Female,Bachelor,Sales,Urban,1,160865.33
390,4,34,Female,High School,Sales,Suburban,4,55376.37
391,2,40,Male,Bachelor,Sales,Urban,2,101829.69
392,10,35,Female,Bachelor,Engineering,Urban,1,149574.41
393,0,30,Female,Master,Finance,Urban,4,113047.33
394,15,33,Male,Bachelor,Sales,Suburban,1,176286.67
395,15,34,Male,Bachelor,Engineering,Rural,4,208245.96
396,5,31,Male,Bachelor,Finance,Urban,4,122059.95
397,0,32,Male,PhD,Operations,Urban,4,91012.48
398,16,50,Female,Bachelor,Operations,Urban,1,170041.64
399,7,40,Female,Bachelor,Marketing,Rural,4,89716.2
400,14,32,Male,Bachelor,Engineering,Suburban,2,190969.03
401,0,41,Male,Bachelor,Sales,Urban,5,87242.51
402,4,31,Female,Bachelor,Engineering,Urban,5,86920.4
403,8,46,Male,Master,Operations,Urban,4,170858.66
404,8,38,Male,Bachelor,Engineering,Urban,5,171745.7
405,5,33,Female,Master,Marketing,Suburban,5,114294.86
406,11,39,Male,High School,Sales,Urban,4,174655.85
407,1,19,Male,Bachelor,Marketing,Urban,4,66150.94
408,5,23,Male,Master,Finance,Suburban,2,165151.35
409,5,23,Male,High School,Sales,Suburban,3,66352.43
410,11,36,Female,PhD,Engineering,Urban,1,215643.97
411,12,52,Male,Bachelor,Marketing,Suburban,4,193176.1
412,1,57,Male,Master,Sales,Urban,4,169290.17
413,0,41,Female,Bachelor,Engineering,Suburban,5,104888.61
414,15,40,Female,Bachelor,HR,Suburban,2,115446.54
415,0,18,Male,High School,Sales,Urban,5,160882.52
416,3,29,Male,Bachelor,Finance,Suburban,4,97661.85
417,9,27,Female,High School,Operations,Suburban,4,149280.72
418,8,28,Male,High School,Operations,Urban,5,92070.89
419,15,33,Male,High School,Operations,Urban,4,155153.31
420,8,30,Female,Bachelor,Engineering,Suburban,3,111042.61
421,0,18,Female,Master,Engineering,Urban,1,402696.49
422,18,42,Female,High School,Marketing,Urban,1,168474.61
423,6,24,Female,High School,Finance,Suburban,1,54754.95
424,13,37,Female,Bachelor,Operations,Suburban,3,136484.33
425,11,55,Male,High School,Finance,Urban,4,138668.1
426,7,25,Female,High School,Engineering,Urban,5,181872.88
427,0,18,Male,High School,Operations,Urban,2,37253.8
428,12,32,Male,Master,Sales,Urban,4,275528.65
429,14,46,Female,Master,Engineering,Urban,3,324194.54
430,0,54,Female,Bachelor,Sales,Suburban,3,72768.3
431,0,22,Male,Bachelor,Engineering,Urban,1,56715.32
432,0,39,Female,Bachelor,Sales,Urban,4,67560.82
433,6,30,Male,Bachelor,Marketing,Urban,1,82301.62
434,12,33,Male,Bachelor,Sales,Rural,2,128670.28
435,17,61,Male,Bachelor,HR,Urban,1,195378.19
436,1,19,Female,Bachelor,Finance,Urban,2,138535.82
437,17,37,Female,High School,HR,Urban,3,134888.97
438,0,39,Male,Bachelor,Sales,Urban,1,67013.42
439,0,45,Female,Master,Finance,Urban,1,80880.42
440,7,35,Male,Bachelor,Operations,Urban,5,108862.59
441,10,38,Female,Master,Engineering,Urban,3,200150.68
442,7,31,Male,PhD,Sales,Urban,5,307778.32
443,0,37,Male,High School,Marketing,Urban,2,47166.55
444,7,31,Female,Bachelor,Engineering,Urban,2,107205.64
445,0,41,Male,Bachelor,HR,Urban,3,57304.36
446,12,31,Male,PhD,Finance,Urban,2,344251.71
447,10,38,Female,PhD,Engineering,Urban,3,274905.93
448,2,34,Female,Bachelor,Finance,Urban,2,72247.3
449,4,46,Male,Bachelor,Finance,Suburban,4,112581.84
450,1,34,Male,Master,Operations,Urban,1,48852.06
451,0,18,Male,High School,Marketing,Urban,4,77011.47
452,13,47,Male,Master,Operations,Urban,3,211385.19
453,2,25,Male,Master,Marketing,Rural,3,57109.03
454,10,28,Female,Bachelor,Sales,Suburban,4,136963.67
455,4,29,Female,Bachelor,Engineering,Urban,1,70144.97
456,3,48,Male,Bachelor,Engineering,Urban,1,90063.92
457,0,18,Male,Bachelor,Finance,Urban,5,181073.01
458,1,65,Male,Bachelor,Sales,Urban,2,109829.34
459,4,45,Male,Master,Marketing,Urban,5,166778.54
460,0,37,Female,Master,Engineering,Suburban,1,64523.0
461,16,34,Male,Master,HR,Urban,4,342295.48
462,8,37,Male,High School,Engineering,Suburban,2,93668.55
463,3,40,Female,Master,Finance,Urban,4,182808.6
464,9,41,Male,Master,Engineering,Suburban,5,289189.41
465,7,40,Female,Bachelor,Engineering,Suburban,3,90364.36
466,6,35,Male,High School,Marketing,Urban,4,86783.06
467,11,33,Female,Bachelor,Sales,Urban,5,205414.14
468,12,33,Female,Master,Marketing,Urban,5,304578.64
469,4,33,Female,Bachelor,Marketing,Urban,5,106993.68
470,4,46,Female,Master,Operations,Urban,3,97419.16
471,6,40,Male,Bachelor,HR,Urban,3,64260.5
472,0,18,Male,Master,Engineering,Urban,3,71744.76
473,0,41,Female,High School,Sales,Rural,2,37353.81
474,16,36,Female,Bachelor,Finance,Urban,3,281534.91
475,16,34,Male,Bachelor,Marketing,Rural,3,142342.47
476,6,31,Male,High School,Engineering,Urban,3,90052.35
477,11,46,Male,Master,Finance,Suburban,4,316461.95
478,9,44,Male,Bachelor,HR,Urban,3,86736.78
479,9,27,Male,Bachelor,Sales,Urban,2,484668.29
480,14,39,Female,Bachelor,Engineering,Suburban,5,212358.71
481,7,25,Male,Bachelor,Engineering,Urban,4,150145.12
482,2,21,Male,High School,HR,Suburban,1,22254.62
483,0,28,Female,High School,Engineering,Urban,3,42866.12
484,9,43,Female,Master,Sales,Urban,5,221477.29
485,3,44,Female,Bachelor,Sales,Urban,5,107369.17
486,0,40,Female,Master,Marketing,Suburban,4,80402.48
487,4,42,Male,PhD,Operations,Urban,1,107578.75
488,1,40,Female,Bachelor,Finance,Suburban,2,71191.39
489,10,28,Male,Bachelor,Finance,Suburban,5,368411.22
490,13,39,Male,Bachelor,Engineering,Urban,5,280252.59
491,7,43,Female,PhD,Engineering,Urban,5,207956.42
492,16,42,Female,Master,Sales,Suburban,5,364676.92
493,8,46,Male,Bachelor,Engineering,Urban,4,165904.02
494,2,42,Male,Master,Operations,Urban,1,95209.28
495,17,38,Male,High School,Engineering,Urban,5,261085.18
496,11,45,Male,PhD,Sales,Urban,2,211428.98
497,1,34,Male,PhD,Marketing,Urban,2,124488.3
498,6,26,Female,High School,HR,Urban,3,49650.79
499,2,33,Male,Bachelor,Engineering,Suburban,5,78941.78
500,0,27,Female,High School,Sales,Urban,5,46316.96
501,10,28,Female,Bachelor,Marketing,Urban,5,243157.78
502,15,33,Female,Master,Finance,Rural,5,499350.6
503,0,27,Female,Bachelor,Engineering,Suburban,5,42921.57
504,11,31,Male,High School,Operations,Suburban,2,71034.32
505,0,18,Male,Bachelor,Finance,Urban,1,89063.23
506,5,37,Female,PhD,Marketing,Suburban,1,92737.71
507,4,35,Female,Bachelor,Finance,Urban,3,91422.86
508,2,26,Female,Bachelor,Engineering,Urban,2,56779.4
509,8,41,Male,High School,Operations,Urban,5,90585.28
510,3,44,Female,PhD,Sales,Urban,1,89800.81
511,0,18,Male,Master,Marketing,Suburban,4,168687.67
512,7,27,Female,Bachelor,Marketing,Urban,4,69612.32
513,6,27,Female,High School,Engineering,Suburban,4,71713.44
514,2,25,Male,High School,Operations,Suburban,5,53062.67
515,4,43,Female,High School,Engineering,Urban,5,77362.49
516,12,33,Male,Bachelor,HR,Urban,3,107161.55
517,11,32,Male,Master,Sales,Urban,3,271264.62
518,0,18,Male,Bachelor,Operations,Urban,3,50694.05
519,8,41,Female,Master,Engineering,Urban,4,178124.77
520,4,22,Female,Bachelor,Sales,Rural,5,154150.3
521,0,35,Female,Master,Sales,Urban,4,119871.16
522,11,37,Male,Master,Finance,Urban,3,304313.95
523,4,48,Female,High School,Engineering,Suburban,5,76533.21
524,3,21,Female,Bachelor,Engineering,Urban,2,119452.29
525,0,18,Male,Bachelor,Engineering,Suburban,1,50208.63
526,0,36,Female,High School,Finance,Urban,1,51224.24
527,0,53,Male,Bachelor,Engineering,Urban,3,118911.72
528,8,47,Female,Bachelor,Sales,Urban,4,105479.87
529,9,37,Male,PhD,Engineering,Urban,2,193933.3
530,2,30,Male,Bachelor,Finance,Urban,5,123284.54
531,11,43,Male,Master,Operations,Suburban,4,164111.21
532,0,25,Female,Bachelor,Sales,Urban,3,50524.42
533,7,39,Male,Master,Marketing,Rural,4,88914.47
534,0,40,Male,Bachelor,Engineering,Urban,3,88163.73
535,4,45,Female,Master,Engineering,Urban,1,108079.9
536,8,62,Female,Bachelor,Marketing,Urban,1,113240.61
537,2,38,Male,Bachelor,HR,Rural,4,44928.63
538,5,29,Male,Bachelor,Sales,Urban,2,81844.63
539,14,34,Male,Bachelor,Operations,Urban,5,250250.01
540,0,18,Male,High School,Marketing,Suburban,3,36325.68
541,10,28,Female,High School,HR,Urban,5,128093.53
542,1,30,Female,High School,Sales,Suburban,1,25236.88
543,11,29,Female,Master,Sales,Urban,2,153671.75
544,16,36,Male,Bachelor,Marketing,Suburban,2,143896.33
545,0,26,Female,Bachelor,Sales,Rural,5,57099.85
546,3,46,Female,Master,Sales,Suburban,1,80528.76
547,11,35,Female,Bachelor,Finance,Urban,5,232470.69
548,6,34,Female,Bachelor,Operations,Urban,4,65861.29
549,10,31,Female,High School,Marketing,Rural,2,56957.05
550,4,36,Female,PhD,Engineering,Urban,2,125433.09
551,8,43,Male,Master,Sales,Urban,4,225476.46
552,7,26,Female,Master,Sales,Suburban,1,75627.03
553,10,28,Male,Bachelor,Engineering,Urban,2,259115.52
554,9,31,Female,Master,Finance,Urban,3,152868.77
555,3,21,Male,High School,Operations,Urban,3,74322.36
556,5,26,Female,High School,Operations,Urban,1,47838.7
557,5,30,Female,High School,Engineering,Urban,4,72369.0
558,5,43,Male,Bachelor,Finance,Suburban,5,118582.79
559,10,37,Male,Bachelor,Finance,Urban,1,158701.6
560,5,36,Female,Bachelor,Sales,Suburban,5,89672.3
561,9,43,Female,High School,Sales,Suburban,1,61890.82
562,15,33,Male,Bachelor,Finance,Suburban,3,284253.98
563,13,38,Male,Master,Sales,Urban,4,438120.56
564,6,33,Female,Bachelor,Marketing,Suburban,3,69383.89
565,15,37,Male,Master,Sales,Urban,4,255594.18
566,5,29,Male,Bachelor,Sales,Urban,5,147644.72
567,0,18,Male,Master,Engineering,Suburban,1,62361.52
568,1,33,Male,Bachelor,Operations,Urban,2,45965.19
569,0,49,Male,Bachelor,HR,Rural,2,34175.78
570,5,44,Male,Bachelor,HR,Urban,4,92462.68
571,8,44,Male,Bachelor,Engineering,Suburban,4,134763.14
572,18,47,Male,Master,HR,Urban,3,207765.8
573,9,35,Male,Bachelor,Engineering,Rural,2,119926.89
574,6,36,Male,Bachelor,Engineering,Urban,3,110408.94
575,10,28,Male,Master,Sales,Urban,5,387438.49
576,0,31,Female,Bachelor,Sales,Urban,2,66343.9
577,9,41,Male,Bachelor,Sales,Urban,5,163443.42
578,12,47,Male,Bachelor,Engineering,Urban,1,195059.68
579,0,33,Male,Bachelor,Sales,Urban,3,66285.63
580,12,30,Male,Bachelor,Engineering,Urban,4,177435.52
581,10,35,Female,Bachelor,Operations,Urban,2,86647.21
582,5,41,Female,PhD,Sales,Urban,3,177098.09
583,2,20,Female,Bachelor,HR,Suburban,4,78182.08
584,0,18,Female,Bachelor,Marketing,Suburban,1,171588.92
585,9,29,Female,Bachelor,Engineering,Suburban,2,111908.45
586,4,22,Male,Master,Operations,Suburban,5,151384.76
587,5,29,Male,Master,Marketing,Urban,1,83790.46
588,2,33,Male,Bachelor,Sales,Urban,4,95462.33
589,12,30,Male,Master,HR,Urban,2,158262.24
590,2,49,Male,Bachelor,Engineering,Suburban,2,49550.32
591,8,38,Female,Bachelor,Finance,Rural,1,83660.38
592,5,38,Male,High School,Sales,Urban,2,78731.32
593,10,41,Female,Bachelor,Marketing,Urban,4,142332.88
594,5,23,Female,Bachelor,Engineering,Urban,1,118680.45
595,14,45,Male,Master,Engineering,Urban,5,397446.79
596,4,34,Male,Bachelor,Finance,Urban,1,94167.0
597,6,41,Male,PhD,HR,Urban,1,88074.39
598,2,24,Male,Bachelor,Engineering,Rural,5,69953.81
599,1,19,Male,Bachelor,Engineering,Urban,4,124252.79
600,10,43,Male,Bachelor,HR,Rural,3,66486.24
601,12,38,Male,High School,Sales,Suburban,3,111278.14
602,2,25,Male,Bachelor,Sales,Suburban,5,68000.33
603,8,26,Female,High School,Marketing,Suburban,4,113962.39
604,16,46,Female,Bachelor,Engineering,Suburban,2,156976.49
605,5,23,Female,Bachelor,HR,Suburban,5,98375.47
606,19,51,Male,Master,Operations,Suburban,3,335303.56
607,3,25,Male,Bachelor,Engineering,Urban,4,94943.36
608,0,41,Female,High School,Sales,Rural,1,23437.31
609,0,31,Male,Bachelor,Sales,Suburban,4,76090.71
610,16,41,Male,Master,Sales,Suburban,4,380559.0
611,11,29,Female,Master,Marketing,Suburban,3,171543.42
612,7,33,Female,Bachelor,Finance,Urban,3,131044.63
613,9,35,Male,Bachelor,Sales,Urban,2,131037.71
614,1,24,Male,High School,Sales,Urban,2,53651.75
615,22,42,Male,PhD,Marketing,Urban,5,1062268.09
616,8,29,Male,Bachelor,Engineering,Suburban,1,76300.93
617,8,32,Male,Bachelor,Engineering,Urban,2,141447.94
618,7,25,Male,Bachelor,Finance,Urban,3,206979.45
619,0,18,Male,High School,Engineering,Urban,4,124425.33
620,9,33,Female,PhD,HR,Urban,5,150256.19
621,3,59,Female,High School,Marketing,Suburban,2,53294.66
622,10,42,Female,Bachelor,Sales,Suburban,4,111423.3
623,16,34,Male,Bachelor,Sales,Urban,4,313862.18
624,14,32,Male,Master,Marketing,Urban,2,238548.59
625,17,35,Male,Master,Engineering,Urban,1,301321.79
626,4,40,Male,Bachelor,Marketing,Urban,1,67988.19
627,2,23,Male,Bachelor,HR,Urban,5,61042.63
628,7,46,Female,Master,HR,Rural,1,46380.06
629,8,42,Female,High School,Marketing,Urban,5,89753.2
630,14,42,Male,Bachelor,Sales,Urban,3,234080.14
631,0,39,Male,Bachelor,Engineering,Urban,2,68656.93
632,17,35,Female,PhD,Engineering,Suburban,4,487981.61
633,7,41,Male,Bachelor,Engineering,Suburban,5,153433.73
634,5,40,Male,Master,Finance,Suburban,1,134395.28
635,1,31,Male,Bachelor,Engineering,Urban,5,123294.82
636,0,29,Female,Bachelor,Engineering,Suburban,5,67578.38
637,12,36,Female,Bachelor,Marketing,Urban,1,107503.48
638,8,50,Male,Bachelor,Engineering,Urban,1,142828.41
639,0,22,Female,Bachelor,HR,Urban,2,35364.5
640,0,20,Female,Bachelor,Engineering,Urban,4,58372.34
641,5,36,Male,High School,Engineering,Suburban,2,80054.16
642,17,35,Male,Master,HR,Rural,2,168069.5
643,6,36,Male,PhD,Marketing,Urban,1,146481.88
644,0,37,Female,Bachelor,Finance,Suburban,1,56781.79
645,6,32,Male,Bachelor,Sales,Suburban,4,84027.57
646,6,49,Female,High School,Marketing,Rural,5,72976.69
647,0,18,Male,Bachelor,HR,Urban,2,42182.24
648,7,26,Female,Master,Engineering,Urban,4,165834.42
649,6,33,Male,High School,Sales,Urban,2,76793.58
650,0,18,Female,High School,Sales,Suburban,5,121115.09
651,15,33,Female,Master,Marketing,Urban,2,324308.78
652,14,51,Female,Bachelor,HR,Urban,3,155722.51
653,6,35,Female,High School,Finance,Urban,4,111519.46
654,1,37,Male,Bachelor,Operations,Urban,1,46595.0
655,4,22,Female,Bachelor,HR,Suburban,2,183523.68
656,8,28,Male,Bachelor,Sales,Suburban,4,120689.4
657,8,31,Male,Master,Engineering,Suburban,4,148265.51
658,7,31,Male,Master,Marketing,Suburban,2,114647.4
659,9,47,Male,Bachelor,Sales,Urban,1,83764.91
660,7,40,Male,Master,Marketing,Urban,1,137611.45
661,4,23,Female,Bachelor,Operations,Urban,2,51750.46
662,4,37,Male,Master,Marketing,Urban,4,149463.91
663,7,39,Female,Bachelor,Marketing,Urban,1,74276.52
664,4,46,Male,Master,Marketing,Suburban,2,108162.45
665,3,50,Male,Master,Finance,Urban,2,194509.19
666,6,24,Male,High School,HR,Suburban,2,59451.71
667,6,26,Female,Master,HR,Urban,4,90457.64
668,4,22,Female,Master,Marketing,Urban,1,231921.72
669,0,32,Female,Master,Finance,Urban,4,139015.31
670,14,39,Female,Bachelor,Engineering,Urban,3,158573.08
671,15,44,Male,Master,Finance,Urban,1,316819.14
672,0,34,Male,Master,Sales,Urban,4,137955.55
673,5,31,Female,Bachelor,Marketing,Urban,1,70012.45
674,5,36,Male,PhD,Sales,Urban,3,191768.58
675,0,26,Male,High School,HR,Urban,5,36397.16
676,3,55,Male,High School,Engineering,Suburban,2,71097.92
677,0,18,Female,Bachelor,Finance,Suburban,4,52234.78
678,18,36,Female,Bachelor,Sales,Urban,3,263438.16
679,13,55,Male,Bachelor,Marketing,Suburban,3,151551.84
680,15,35,Male,High School,Engineering,Suburban,1,114013.18
681,12,33,Female,PhD,Sales,Suburban,1,131428.15
682,1,31,Female,High School,Sales,Urban,2,53848.66
683,4,33,Male,High School,Sales,Urban,1,54071.9
684,10,48,Female,High School,HR,Suburban,4,77487.36
685,0,18,Male,Bachelor,Sales,Urban,4,61549.41
686,12,50,Male,Master,Operations,Rural,4,137434.98
687,2,20,Female,Bachelor,Sales,Suburban,5,70607.41
688,5,32,Female,Master,Finance,Urban,4,134758.88
689,12,30,Male,High School,Engineering,Urban,1,108271.83
690,10,40,Female,Bachelor,Marketing,Urban,1,108088.6
691,1,19,Female,Bachelor,Marketing,Urban,4,63077.77
692,14,39,Female,Bachelor,Sales,Urban,3,239806.4
693,1,55,Female,High School,Finance,Urban,3,99475.52
694,3,21,Female,Bachelor,Engineering,Urban,3,158657.69
695,11,36,Male,Bachelor,Engineering,Urban,2,160473.09
696,6,28,Male,Master,Finance,Rural,5,190934.34
697,9,39,Male,Bachelor,Engineering,Urban,4,166847.5
698,0,35,Male,High School,HR,Rural,2,26033.87
699,10,28,Female,Bachelor,Sales,Rural,3,116901.44
700,6,39,Male,High School,Finance,Urban,4,135463.03
701,4,53,Male,Master,Engineering,Suburban,2,142388.0
702,14,33,Male,Bachelor,Engineering,Urban,1,169254.74
703,3,42,Male,High School,Sales,Suburban,3,58558.14
704,0,22,Male,PhD,Operations,Urban,2,82816.25
705,0,25,Female,Bachelor,Sales,Urban,1,49402.65
706,11,39,Male,High School,Marketing,Urban,3,119584.95
707,0,49,Female,Bachelor,HR,Urban,5,54931.06
708,18,38,Female,Bachelor,Operations,Urban,3,188566.14
709,0,31,Male,Master,Finance,Urban,5,174238.41
710,16,34,Male,Master,Operations,Urban,5,509349.13
711,4,22,Male,PhD,Engineering,Urban,5,260015.2
712,7,41,Female,Bachelor,Engineering,Urban,4,120801.68
713,4,43,Female,Bachelor,HR,Urban,4,63311.65
714,10,30,Male,Master,Finance,Urban,5,398646.57
715,7,30,Male,High School,Marketing,Urban,1,66090.47
716,14,37,Female,Bachelor,Engineering,Suburban,5,192394.23
717,8,30,Male,Bachelor,Finance,Urban,2,148013.02
718,8,34,Male,High School,Engineering,Suburban,5,113901.87
719,5,55,Female,Bachelor,Marketing,Urban,4,88730.33
720,7,32,Female,Master,Sales,Suburban,4,112654.78
721,9,31,Female,Master,Sales,Urban,2,188150.55
722,0,28,Female,High School,Finance,Urban,2,55120.02
723,0,42,Female,High School,Marketing,Urban,3,54785.06
724,12,33,Male,Bachelor,HR,Urban,1,95797.1
725,9,28,Female,Master,Sales,Urban,1,134982.76
726,6,48,Female,High School,Sales,Urban,1,71709.19
727,8,49,Female,Master,HR,Rural,4,97443.36
728,10,28,Male,High School,Marketing,Urban,1,87472.77
729,0,18,Male,Bachelor,Engineering,Urban,3,88112.35
730,3,45,Male,Bachelor,Engineering,Suburban,3,89173.94
731,9,28,Male,Master,Engineering,Urban,1,136659.76
732,2,42,Male,Bachelor,Sales,Suburban,2,61558.14
733,0,18,Female,Bachelor,Finance,Urban,3,100762.09
734,0,43,Female,Bachelor,Finance,Suburban,2,90472.04
735,4,22,Male,Master,Finance,Urban,4,425362.16
736,10,42,Female,Master,Marketing,Suburban,3,134763.32
737,9,35,Male,High School,Sales,Suburban,2,82236.27
738,7,25,Male,Master,Marketing,Urban,1,173794.27
739,12,30,Male,Bachelor,Engineering,Urban,4,382221.54
740,14,41,Male,High School,Engineering,Urban,5,194680.13
741,0,36,Male,Bachelor,Sales,Rural,5,70455.74
742,0,40,Male,High School,Operations,Urban,1,39531.41
743,4,54,Male,Master,Engineering,Urban,4,213193.86
744,1,19,Female,Master,Engineering,Urban,4,156818.51
745,11,51,Male,High School,Finance,Urban,4,148390.83
746,3,36,Female,Bachelor,Marketing,Urban,4,73945.37
747,8,26,Female,Master,Finance,Rural,5,150256.11
748,3,21,Female,Master,Finance,Urban,2,94887.35
749,4,33,Female,Bachelor,Operations,Suburban,4,67993.95
750,0,44,Male,PhD,Sales,Urban,2,103318.39
751,2,33,Male,Bachelor,HR,Urban,4,52615.71
752,0,50,Female,Bachelor,Sales,Urban,3,74394.83
753,2,20,Male,Master,HR,Urban,3,57891.9
754,14,34,Female,Bachelor,Sales,Rural,3,142261.18
755,2,22,Female,Bachelor,Engineering,Suburban,4,55765.39
756,20,38,Female,Bachelor,Sales,Urban,2,332878.88
757,10,43,Female,Master,Sales,Urban,5,233822.61
758,9,30,Female,Master,Finance,Urban,1,167539.03
759,0,18,Female,Bachelor,Finance,Rural,5,65637.08
760,12,36,Male,Bachelor,HR,Suburban,4,105083.7
761,4,39,Female,Bachelor,Engineering,Suburban,3,85757.75
762,8,39,Male,Bachelor,Finance,Urban,3,165952.61
763,23,47,Male,Bachelor,Sales,Urban,2,427770.62
764,6,24,Female,Master,Finance,Urban,4,168571.1
765,14,41,Male,Bachelor,Operations,Urban,5,233491.13
766,3,46,Male,Bachelor,Engineering,Urban,4,116195.05
767,0,18,Male,High School,Finance,Urban,4,105109.42
768,18,38,Female,Bachelor,Engineering,Urban,3,283048.02
769,4,29,Male,Master,Marketing,Suburban,5,130886.55
770,16,34,Female,Bachelor,Sales,Suburban,1,428070.83
771,12,38,Male,High School,Engineering,Urban,3,194217.93
772,4,30,Female,Bachelor,Finance,Urban,5,86655.04
773,10,28,Female,Bachelor,Engineering,Urban,2,120441.48
774,13,35,Male,High School,Engineering,Suburban,3,141955.59
775,6,24,Male,Bachelor,Sales,Suburban,2,125016.35
776,0,24,Male,Bachelor,Finance,Suburban,3,81081.84
777,3,41,Female,Bachelor,Operations,Suburban,4,41697.18
778,5,23,Female,Bachelor,Finance,Urban,5,121468.33
779,7,41,Female,Bachelor,HR,Urban,2,46225.96
780,11,39,Male,PhD,Marketing,Urban,3,287293.48
781,0,18,Female,Bachelor,Engineering,Urban,2,106239.95
782,0,28,Female,Bachelor,Engineering,Suburban,3,66380.09
783,10,46,Female,Bachelor,Sales,Urban,3,147445.14
784,7,25,Female,Bachelor,HR,Urban,1,86766.04
785,11,30,Male,Master,Sales,Urban,1,196838.74
786,14,39,Male,Bachelor,Finance,Rural,1,139236.24
787,13,42,Female,Master,Sales,Urban,2,177729.81
788,10,32,Female,High School,Engineering,Suburban,4,109071.14
789,7,29,Female,Bachelor,Engineering,Urban,3,80896.26
790,0,49,Male,Master,Finance,Urban,5,246443.55
791,10,52,Male,Bachelor,Finance,Urban,1,166721.02
792,9,44,Male,Bachelor,Finance,Suburban,2,167385.14
793,9,35,Male,Bachelor,Engineering,Urban,2,126765.67
794,0,26,Female,Master,Operations,Suburban,2,48447.64
795,1,26,Female,High School,Engineering,Urban,5,67157.0
796,14,40,Male,Master,Engineering,Urban,5,427692.26
797,7,39,Male,High School,Operations,Rural,1,39187.26
798,12,49,Male,Master,Marketing,Urban,5,352863.41
799,8,41,Male,Bachelor,HR,Urban,1,64914.98
800,1,19,Female,Master,Engineering,Suburban,5,130403.71
801,13,45,Female,Bachelor,Sales,Urban,5,280549.75
802,4,25,Male,Master,Operations,Suburban,5,105826.27
803,8,31,Female,High School,Marketing,Urban,1,64566.86
804,5,37,Female,High School,HR,Urban,3,61461.35
805,5,54,Female,Bachelor,Engineering,Urban,1,87681.35
806,6,65,Male,High School,HR,Suburban,3,80580.22
807,9,41,Female,High School,Marketing,Urban,2,87749.51
808,5,33,Male,Master,Engineering,Suburban,2,94688.49
809,15,40,Male,PhD,Marketing,Rural,1,278408.27
810,2,43,Male,Bachelor,Engineering,Urban,3,111545.26
811,6,31,Male,Master,Operations,Urban,3,109788.03
812,5,52,Male,Bachelor,Marketing,Urban,3,122446.36
813,16,37,Male,Bachelor,Engineering,Urban,2,228891.89
814,9,39,Male,Master,Sales,Urban,1,183362.16
815,14,41,Female,Bachelor,Marketing,Suburban,4,105824.91
816,0,39,Female,PhD,Finance,Rural,3,90893.75
817,9,43,Male,Bachelor,Operations,Rural,3,91781.0
818,10,28,Female,Bachelor,Sales,Suburban,4,147520.62
819,8,29,Female,High School,Finance,Suburban,1,72983.53
820,5,23,Female,High School,Sales,Urban,3,110952.01
821,4,39,Male,High School,Engineering,Suburban,1,72155.75
822,16,42,Female,PhD,HR,Suburban,3,277953.44
823,21,39,Female,Master,Sales,Urban,5,545732.46
824,5,51,Female,Master,HR,Rural,3,64911.65
825,5,34,Male,Bachelor,Finance,Urban,5,182151.35
826,16,41,Male,Bachelor,Sales,Suburban,1,224864.03
827,6,24,Female,High School,Operations,Suburban,3,131995.62
828,4,31,Male,Bachelor,Finance,Rural,2,89005.39
829,5,41,Male,Bachelor,Sales,Urban,2,82803.86
830,6,43,Male,Master,HR,Suburban,4,93228.44
831,0,32,Female,Bachelor,Marketing,Urban,2,42914.25
832,2,34,Female,High School,Operations,Urban,5,59104.01
833,1,19,Male,High School,HR,Suburban,2,25407.62
834,3,31,Female,High School,Engineering,Urban,2,53498.61
835,7,43,Male,Bachelor,Marketing,Suburban,2,100602.05
836,9,40,Female,Master,HR,Urban,3,146567.68
837,17,40,Female,Bachelor,Engineering,Urban,4,217406.97
838,2,35,Female,Master,Engineering,Suburban,1,65325.37
839,13,35,Female,Bachelor,Sales,Urban,4,212176.04
840,6,28,Male,Bachelor,Marketing,Urban,5,111951.81
841,7,41,Female,High School,Sales,Rural,3,53115.07
842,12,39,Male,Master,Marketing,Urban,3,278135.18
843,1,39,Female,Master,Engineering,Suburban,2,66046.3
844,10,29,Female,High School,HR,Urban,2,60720.04
845,0,18,Female,Bachelor,Sales,Urban,5,129644.34
846,10,45,Male,Bachelor,Engineering,Urban,3,162773.87
847,9,30,Female,Bachelor,Marketing,Urban,1,96952.87
848,8,26,Male,Master,Sales,Urban,4,511333.98
849,4,41,Male,Bachelor,Engineering,Urban,3,129410.75
850,4,31,Female,Bachelor,Engineering,Urban,1,64348.24
851,4,45,Male,High School,Engineering,Urban,1,78798.93
852,4,41,Female,High School,Finance,Urban,4,103887.93
853,4,41,Male,High School,Finance,Urban,1,70787.81
854,3,21,Male,High School,Finance,Urban,5,190184.43
855,16,47,Female,Master,Finance,Rural,1,230095.46
856,4,37,Male,Master,HR,Suburban,5,101888.49
857,3,31,Male,High School,Sales,Suburban,1,47636.97
858,10,36,Female,Master,HR,Urban,2,113494.26
859,0,18,Male,High School,Engineering,Rural,1,32309.38
860,11,39,Female,Bachelor,HR,Suburban,5,148293.46
861,6,24,Male,Bachelor,Finance,Suburban,1,83164.15
862,0,21,Female,Bachelor,Sales,Urban,1,45925.86
863,1,19,Female,Bachelor,Marketing,Rural,1,101235.23
864,18,46,Female,Bachelor,Marketing,Suburban,5,251779.02
865,4,28,Male,Bachelor,HR,Suburban,1,37513.93
866,5,50,Female,PhD,HR,Urban,4,122938.98
867,9,29,Female,High School,Finance,Urban,4,136959.99
868,0,18,Female,High School,Marketing,Urban,5,135091.14
869,5,23,Male,High School,Finance,Urban,2,145552.24
870,20,47,Female,Bachelor,Sales,Suburban,4,281890.29
871,6,33,Female,High School,Finance,Urban,3,77446.04
872,3,29,Male,Master,Sales,Urban,4,130866.09
873,0,36,Male,Bachelor,Sales,Urban,3,101856.34
874,3,40,Female,Bachelor,Sales,Urban,5,97732.05
875,7,46,Male,Bachelor,Finance,Urban,2,137048.28
876,18,49,Female,High School,Operations,Suburban,3,125972.96
877,4,31,Female,High School,Engineering,Urban,3,60770.55
878,3,21,Female,Bachelor,Engineering,Urban,4,75506.69
879,7,30,Male,Bachelor,Operations,Urban,3,91764.58
880,15,37,Male,Bachelor,Sales,Urban,5,264911.42
881,7,25,Female,High School,HR,Urban,5,182923.81
882,4,25,Male,PhD,Sales,Suburban,5,177503.57
883,5,38,Female,High School,Engineering,Suburban,4,60327.82
884,14,34,Male,Master,Finance,Suburban,2,264921.83
885,12,35,Male,Master,Finance,Suburban,4,356163.87
886,9,27,Male,Bachelor,Marketing,Urban,5,282486.48
887,11,32,Male,High School,Marketing,Rural,4,70995.16
888,5,25,Female,High School,Finance,Suburban,5,86344.1
889,11,43,Male,Bachelor,Engineering,Rural,1,123604.11
890,14,45,Male,Bachelor,Finance,Urban,1,169616.9
891,0,18,Male,Master,Marketing,Rural,3,154001.47
892,7,25,Male,Master,Sales,Suburban,2,180544.05
893,2,20,Male,Bachelor,Operations,Suburban,1,70669.88
894,10,28,Female,High School,HR,Urban,5,156258.14
895,16,34,Male,Bachelor,Sales,Suburban,4,261059.16
896,2,20,Male,Master,HR,Rural,4,105492.95
897,6,25,Male,Bachelor,Marketing,Suburban,3,89841.85
898,6,24,Female,High School,Marketing,Urban,4,96147.87
899,15,37,Male,Master,Operations,Rural,1,141351.32
900,3,35,Male,Bachelor,Finance,Urban,4,108370.67
901,9,27,Female,Master,HR,Urban,1,83149.52
902,5,36,Female,Bachelor,Marketing,Urban,1,64456.72
903,8,29,Male,High School,Engineering,Rural,2,71159.76
904,14,32,Male,Master,Engineering,Urban,3,326389.24
905,9,51,Female,Bachelor,Sales,Urban,5,120947.25
906,8,48,Male,Bachelor,Finance,Suburban,1,143081.1
907,0,22,Female,Bachelor,Sales,Suburban,3,45889.05
908,12,43,Female,High School,Finance,Urban,5,200867.63
909,11,43,Male,Bachelor,Engineering,Rural,4,163599.21
910,5,23,Male,High School,Marketing,Rural,3,905855.5
911,6,43,Male,Bachelor,Engineering,Urban,3,73558.36
912,9,50,Female,Bachelor,Sales,Urban,3,146742.75
913,5,23,Male,Master,Engineering,Urban,4,165485.22
914,7,25,Male,Master,Operations,Urban,4,326215.06
915,7,45,Female,High School,Engineering,Urban,3,99224.14
916,9,37,Female,Bachelor,Operations,Rural,2,65407.27
917,11,40,Male,Bachelor,Sales,Suburban,1,108499.36
918,9,38,Female,High School,Operations,Urban,4,61131.95
919,5,38,Male,Master,Sales,Urban,2,121340.36
920,3,21,Male,Master,Operations,Urban,4,156632.18
921,14,45,Male,High School,Engineering,Urban,3,223892.07
922,1,46,Male,Bachelor,Finance,Urban,2,82331.8
923,8,32,Male,High School,Operations,Suburban,5,98137.68
924,3,34,Male,Bachelor,Engineering,Rural,1,45606.89
925,1,19,Female,High School,Engineering,Urban,1,134211.34
926,0,40,Female,PhD,Sales,Suburban,4,109823.4
927,4,40,Female,Master,Operations,Urban,1,75454.7
928,10,34,Male,Bachelor,Sales,Suburban,5,190260.45
929,17,46,Male,Bachelor,Sales,Urban,2,206121.12
930,7,31,Male,Master,Engineering,Urban,2,138459.12
931,4,40,Female,Bachelor,Engineering,Rural,3,65323.96
932,6,24,Female,High School,Finance,Urban,2,309211.92
933,0,34,Male,Bachelor,Engineering,Suburban,4,65121.14
934,0,33,Male,Master,HR,Urban,5,120891.77
935,10,37,Male,Bachelor,Operations,Urban,3,156132.94
936,4,31,Male,Bachelor,Engineering,Urban,4,102192.99
937,1,33,Male,Master,HR,Urban,4,76404.88
938,12,43,Female,Master,Engineering,Suburban,4,209274.97
939,9,30,Female,Master,HR,Urban,1,90166.85
940,0,18,Male,High School,Engineering,Suburban,4,45797.33
941,0,52,Male,Bachelor,Finance,Suburban,1,78753.61
942,13,48,Female,Master,Marketing,Suburban,2,222873.01
943,4,22,Male,Master,Sales,Urban,1,154908.11
944,7,41,Male,Bachelor,Sales,Rural,4,91966.76
945,11,29,Male,High School,Engineering,Urban,5,250959.96
946,1,37,Male,Master,Finance,Urban,5,188506.05
947,0,37,Male,Master,Marketing,Urban,2,94474.69
948,3,32,Female,High School,HR,Urban,4,44049.73
949,7,27,Male,Bachelor,Engineering,Urban,1,90822.62
950,9,28,Male,High School,HR,Suburban,5,77341.12
951,6,25,Female,Bachelor,Engineering,Urban,3,97507.86
952,8,26,Male,High School,Sales,Urban,4,125494.25
953,0,34,Female,Bachelor,Engineering,Suburban,4,68122.92
954,9,27,Female,Bachelor,Finance,Urban,3,264829.59
955,7,41,Male,Bachelor,Marketing,Urban,5,175681.55
956,14,49,Female,Bachelor,Finance,Urban,3,271374.11
957,10,29,Male,Master,Finance,Suburban,2,198100.08
958,10,37,Female,Bachelor,Engineering,Urban,1,143537.18
959,11,39,Male,High School,HR,Urban,1,81056.73
960,10,39,Female,Master,Engineering,Urban,5,322783.99
961,11,35,Female,High School,Marketing,Suburban,3,99253.82
962,15,42,Male,PhD,Finance,Suburban,4,356971.57
963,9,39,Male,Master,HR,Suburban,4,157065.98
964,4,22,Female,Bachelor,HR,Urban,4,112747.11
965,7,43,Female,PhD,Marketing,Urban,2,164656.22
966,16,43,Male,High School,Marketing,Urban,2,178968.63
967,3,27,Female,Bachelor,Engineering,Urban,4,74756.03
968,17,35,Male,Bachelor,Finance,Urban,5,475592.21
969,7,41,Male,Bachelor,Sales,Urban,2,102748.63
970,0,32,Male,Master,Finance,Urban,2,133548.12
971,8,45,Male,High School,Engineering,Suburban,1,80704.55
972,3,58,Female,Bachelor,Marketing,Urban,1,68204.66
973,9,27,Male,Bachelor,Marketing,Suburban,5,164576.26
974,3,21,Female,Bachelor,Engineering,Urban,2,66533.92
975,5,38,Male,Bachelor,Marketing,Urban,2,88209.03
976,0,42,Male,Bachelor,Finance,Urban,3,109355.04
977,5,32,Male,Master,Finance,Urban,5,182439.89
978,0,49,Male,High School,Sales,Urban,5,72796.17
979,0,21,Male,Master,Sales,Urban,3,91072.51
980,12,41,Male,Bachelor,Engineering,Rural,3,172320.62
981,10,28,Female,Master,Finance,Suburban,1,149200.9
982,10,52,Male,Master,Engineering,Urban,5,421244.53
983,2,54,Male,Bachelor,Operations,Suburban,5,90868.93
984,7,27,Male,Bachelor,Sales,Suburban,3,92101.81
985,7,29,Female,Master,Marketing,Suburban,4,109467.29
986,1,43,Female,Bachelor,Operations,Suburban,4,42758.47
987,13,31,Male,PhD,Engineering,Urban,1,468622.06
988,13,34,Male,Bachelor,Sales,Urban,4,190861.93
989,6,35,Male,High School,Sales,Urban,4,84307.95
990,0,18,Female,Bachelor,Engineering,Urban,4,129339.02
991,9,34,Male,PhD,Sales,Urban,2,162480.82
992,0,28,Male,Bachelor,HR,Urban,1,28897.92
993,6,30,Male,Master,Finance,Rural,3,122135.63
994,3,49,Male,Master,Engineering,Rural,4,122488.12
995,1,22,Male,Bachelor,Operations,Suburban,2,39080.98
996,6,43,Female,High School,Engineering,Suburban,4,78439.28
997,14,32,Male,Master,Engineering,Rural,2,367999.49
998,11,32,Female,Bachelor,Marketing,Urban,1,101667.14
999,4,42,Male,Master,Engineering,Urban,4,160700.12
1000,11,38,Male,Bachelor,Engineering,Urban,2,145861.38
1001,16,40,Female,Bachelor,Operations,Suburban,5,191022.02
1002,13,44,Male,Master,Marketing,Urban,5,381703.1
1003,8,31,Female,Bachelor,Engineering,Suburban,2,104779.52
1004,4,28,Male,Bachelor,Engineering,Urban,4,77321.06
1005,6,24,Male,Bachelor,Finance,Urban,4,220628.75
1006,8,26,Female,Bachelor,Finance,Suburban,1,110715.19
1007,13,64,Male,Bachelor,Marketing,Urban,1,185877.61
1008,11,47,Female,Master,Engineering,Urban,3,238082.76
1009,3,21,Male,Bachelor,Engineering,Urban,1,184034.35
1010,3,21,Female,Bachelor,Engineering,Urban,4,68682.55
1011,15,39,Male,Bachelor,Engineering,Suburban,3,264982.37
1012,9,40,Male,Bachelor,Sales,Urban,1,134901.19
1013,20,40,Female,Bachelor,Engineering,Urban,2,225250.51
1014,3,32,Female,Master,Sales,Urban,5,109326.95
1015,15,33,Female,Master,Marketing,Suburban,1,182830.55
1016,9,38,Female,Bachelor,Operations,Urban,1,85152.97
1017,4,35,Female,Bachelor,Operations,Suburban,2,37918.78
1018,0,18,Male,High School,Sales,Suburban,4,56580.91
1019,6,32,Male,Bachelor,Marketing,Urban,2,93177.73
1020,8,26,Male,Bachelor,Marketing,Suburban,1,88606.95
1021,11,36,Male,Bachelor,Sales,Suburban,4,163015.43
1022,4,64,Male,Bachelor,Finance,Urban,3,130311.56
1023,7,38,Male,High School,Sales,Urban,1,84900.63
1024,13,31,Male,High School,Finance,Rural,2,180660.4
1025,18,44,Female,PhD,Operations,Suburban,3,1172137.69
1026,10,39,Male,Bachelor,Marketing,Urban,5,196840.18
1027,8,39,Male,Bachelor,Sales,Urban,3,135854.04
1028,8,41,Male,High School,Engineering,Suburban,2,89627.32
1029,11,55,Female,High School,Engineering,Suburban,3,107302.97
1030,1,23,Female,Master,Sales,Suburban,2,56099.41
1031,6,39,Female,Bachelor,Engineering,Urban,1,84802.92
1032,0,25,Male,Bachelor,Finance,Suburban,4,58316.83
1033,10,40,Male,Bachelor,Engineering,Urban,5,207874.67
1034,7,25,Male,Master,Sales,Urban,4,253829.82
1035,5,30,Male,High School,HR,Suburban,4,39151.32
1036,14,32,Male,High School,HR,Rural,4,130843.67
1037,0,44,Male,Bachelor,Marketing,Urban,2,85340.69
1038,0,44,Male,Bachelor,Finance,Urban,2,77731.79
1039,4,22,Female,Bachelor,Sales,Suburban,5,144815.37
1040,14,35,Female,Bachelor,Sales,Urban,2,163767.28
1041,9,27,Male,Bachelor,Engineering,Suburban,2,242416.53
1042,4,22,Male,Master,Sales,Suburban,2,83498.2
1043,14,32,Male,Bachelor,Finance,Urban,2,265284.01
1044,7,31,Male,High School,HR,Rural,1,36977.85
1045,6,59,Female,Bachelor,Finance,Suburban,5,141052.09
1046,13,39,Male,PhD,Sales,Suburban,2,228709.32
1047,3,21,Female,Bachelor,Engineering,Suburban,5,121555.79
1048,0,29,Male,Master,Engineering,Suburban,3,90245.13
1049,16,45,Female,High School,Marketing,Urban,1,145430.39
1050,16,55,Male,Bachelor,HR,Urban,2,186278.93
1051,1,19,Female,High School,Finance,Suburban,1,41874.04
1052,0,18,Male,Bachelor,Marketing,Urban,1,81717.84
1053,10,53,Female,Master,Sales,Urban,3,190930.79
1054,9,38,Male,PhD,Sales,Suburban,5,335426.96
1055,4,26,Male,Bachelor,Sales,Suburban,1,51293.18
1056,3,40,Female,Bachelor,Engineering,Urban,4,96483.06
1057,0,18,Female,Master,Engineering,Suburban,3,91609.79
1058,15,35,Female,Bachelor,Engineering,Suburban,4,211552.34
1059,11,38,Female,High School,Engineering,Urban,3,119260.31
1060,5,44,Female,Bachelor,Engineering,Suburban,4,111210.01
1061,6,24,Male,Bachelor,Engineering,Urban,4,223705.03
1062,0,35,Male,Bachelor,HR,Urban,1,38858.17
1063,7,25,Male,Bachelor,Marketing,Urban,1,146482.3
1064,0,37,Female,Bachelor,Operations,Urban,3,47939.8
1065,5,26,Male,Bachelor,Engineering,Urban,5,98385.62
1066,1,30,Male,High School,Marketing,Suburban,1,31153.65
1067,0,25,Female,Bachelor,Marketing,Suburban,1,35884.12
1068,14,41,Female,Master,Engineering,Urban,2,273315.45
1069,5,43,Male,Bachelor,Finance,Suburban,1,92928.5
1070,10,32,Male,Bachelor,Engineering,Urban,5,200793.2
1071,7,35,Male,Master,Operations,Urban,2,130698.78
1072,2,20,Male,Master,Finance,Suburban,4,220565.67
1073,8,32,Male,Bachelor,Sales,Urban,4,152761.94
1074,0,34,Female,High School,Sales,Urban,2,34293.14
1075,13,61,Female,Master,HR,Suburban,2,60196.06
1076,5,23,Female,Master,Marketing,Urban,2,90456.26
1077,0,49,Male,PhD,HR,Suburban,3,76377.24
1078,5,44,Female,Master,Engineering,Urban,5,181958.34
1079,17,37,Male,Bachelor,Engineering,Urban,5,361123.76
1080,13,52,Male,Bachelor,Sales,Urban,4,296006.42
1081,5,38,Female,High School,Sales,Urban,4,83772.62
1082,5,38,Male,Bachelor,Finance,Urban,4,143302.4
1083,6,34,Male,Bachelor,Engineering,Urban,1,104077.49
1084,20,47,Female,Bachelor,Finance,Suburban,4,360528.17
1085,10,45,Male,Bachelor,Engineering,Rural,2,103353.94
1086,10,28,Female,Master,Marketing,Urban,4,208845.93
1087,3,21,Male,Bachelor,Marketing,Urban,2,136791.16
1088,9,32,Female,Bachelor,Sales,Urban,3,125311.58
1089,6,26,Male,High School,Engineering,Rural,1,35906.76
1090,6,34,Male,Bachelor,Sales,Rural,1,61262.34
1091,7,47,Female,Master,Finance,Urban,5,265127.33
1092,7,30,Male,Bachelor,Sales,Suburban,3,119089.2
1093,12,34,Male,PhD,Sales,Urban,2,224225.45
1094,8,35,Male,Bachelor,Finance,Urban,3,144594.47
1095,12,43,Male,Bachelor,Finance,Urban,1,211671.38
1096,0,18,Male,Bachelor,Sales,Urban,2,93078.75
1097,8,28,Male,Bachelor,Marketing,Urban,3,114673.66
1098,0,37,Female,Master,Finance,Urban,1,80218.62
1099,13,47,Male,Bachelor,Sales,Suburban,2,146801.23
1100,10,30,Male,Master,Engineering,Urban,2,238153.66
1101,0,18,Male,Bachelor,Marketing,Urban,1,130208.79
1102,0,41,Male,Master,Finance,Urban,2,135622.03
1103,10,28,Female,High School,Engineering,Urban,1,188950.21
1104,5,23,Male,Master,Operations,Urban,4,101627.56
1105,10,28,Female,Bachelor,Engineering,Urban,4,241573.43
1106,1,33,Male,Bachelor,Finance,Urban,2,89370.73
1107,10,28,Female,Bachelor,Marketing,Urban,2,154845.07
1108,0,18,Male,Master,Sales,Urban,1,54615.69
1109,4,43,Female,High School,Finance,Urban,2,87895.84
1110,19,47,Female,Bachelor,Sales,Suburban,5,247272.86
1111,6,41,Male,Master,Sales,Suburban,4,154046.79
1112,5,23,Male,Bachelor,Engineering,Urban,2,141065.88
1113,13,32,Male,High School,Engineering,Urban,2,103681.76
1114,10,34,Female,Bachelor,Engineering,Urban,3,138469.34
1115,8,40,Male,Bachelor,HR,Urban,2,76981.58
1116,10,41,Male,Master,Engineering,Urban,5,281838.49
1117,9,27,Female,Master,Engineering,Urban,4,555541.84
1118,7,35,Male,Bachelor,Sales,Urban,3,138177.02
1119,9,39,Female,PhD,HR,Rural,1,85639.52
1120,14,49,Female,Bachelor,Finance,Urban,1,203160.2
1121,14,42,Female,High School,Engineering,Urban,4,186105.24
1122,15,42,Female,Bachelor,Engineering,Urban,1,179254.85
1123,11,35,Male,Bachelor,Operations,Rural,5,96971.23
1124,1,49,Male,High School,Marketing,Suburban,2,61439.71
1125,17,39,Male,Master,Finance,Urban,4,539404.27
1126,1,26,Male,Master,Finance,Suburban,3,103249.55
1127,9,49,Female,Bachelor,Finance,Urban,2,133156.23
1128,3,41,Female,Bachelor,Engineering,Suburban,1,54808.33
1129,7,30,Male,Master,Finance,Suburban,1,127708.2
1130,9,30,Male,Master,Finance,Urban,3,179234.62
1131,9,37,Female,Master,Sales,Suburban,5,143282.54
1132,10,39,Male,Bachelor,Marketing,Urban,3,133027.41
1133,17,36,Male,Master,Marketing,Urban,4,412400.32
1134,10,38,Male,Bachelor,Engineering,Urban,3,152725.47
1135,6,51,Female,Bachelor,Sales,Suburban,1,63407.85
1136,13,45,Female,High School,Sales,Urban,5,166055.82
1137,15,36,Female,High School,Marketing,Urban,5,180606.48
1138,0,44,Female,Bachelor,Sales,Suburban,3,60121.92
1139,6,24,Male,Bachelor,Marketing,Urban,4,207969.94
1140,12,38,Male,High School,HR,Urban,1,95209.96
1141,6,53,Female,Master,Operations,Urban,2,125906.48
1142,14,32,Male,High School,Engineering,Urban,5,323223.14
1143,7,26,Female,Bachelor,Marketing,Urban,3,73562.37
1144,8,28,Female,Bachelor,Engineering,Urban,4,101753.41
1145,6,24,Female,PhD,HR,Rural,4,65839.02
1146,8,27,Female,Bachelor,Finance,Suburban,1,104157.82
1147,1,31,Female,High School,Operations,Urban,5,46414.5
1148,0,20,Female,Bachelor,Marketing,Urban,1,30412.38
1149,17,35,Male,Master,Operations,Urban,2,242831.13
1150,2,44,Male,PhD,Engineering,Suburban,2,130015.57
1151,2,25,Male,Bachelor,HR,Urban,2,44844.51
1152,0,50,Female,Bachelor,Engineering,Urban,4,99713.31
1153,4,40,Male,Master,Finance,Suburban,5,162738.48
1154,0,45,Female,High School,Sales,Urban,1,53677.84
1155,10,28,Male,Bachelor,HR,Urban,1,130040.26
1156,14,43,Female,Bachelor,Finance,Suburban,2,177643.59
1157,3,24,Male,High School,Engineering,Suburban,5,76343.51
1158,21,43,Female,Bachelor,Engineering,Urban,5,396285.82
1159,13,36,Male,Bachelor,Finance,Suburban,3,189245.55
1160,6,40,Male,Bachelor,Marketing,Urban,5,149366.67
1161,0,23,Male,Master,Engineering,Suburban,5,89310.95
1162,8,26,Female,Bachelor,Sales,Urban,1,223115.28
1163,0,40,Male,Master,Sales,Suburban,5,136184.56
1164,0,25,Male,High School,Engineering,Rural,5,65052.08
1165,14,39,Female,Bachelor,Marketing,Rural,1,105970.97
1166,3,21,Female,High School,Engineering,Rural,5,257902.06
1167,16,43,Female,Master,Sales,Urban,1,271672.53
1168,4,22,Male,Master,Finance,Urban,3,220133.81
1169,11,40,Male,Bachelor,Operations,Urban,4,149144.89
1170,13,41,Female,Master,HR,Suburban,1,116159.85
1171,10,28,Male,Bachelor,Engineering,Suburban,1,132866.23
1172,9,40,Female,PhD,Operations,Urban,5,233746.26
1173,8,37,Male,Master,Sales,Rural,1,107732.1
1174,7,29,Male,Master,Engineering,Suburban,2,121815.22
1175,3,24,Male,Bachelor,Operations,Rural,2,35312.02
1176,0,18,Male,High School,Finance,Suburban,3,60269.53
1177,0,38,Male,Bachelor,Finance,Urban,1,74328.37
1178,1,19,Male,High School,Finance,Urban,5,154138.14
1179,2,35,Female,Bachelor,Engineering,Urban,5,103130.47
1180,1,32,Male,Bachelor,Engineering,Urban,4,87212.85
1181,9,41,Female,Bachelor,HR,Suburban,3,96792.06
1182,13,31,Female,High School,Engineering,Suburban,5,160282.96
1183,13,31,Female,High School,Sales,Suburban,4,104091.91
1184,0,42,Male,Bachelor,Finance,Suburban,5,142869.87
1185,2,38,Female,PhD,Finance,Urban,4,179967.52
1186,13,38,Female,Bachelor,Sales,Urban,2,151595.05
1187,2,39,Female,Bachelor,Finance,Urban,2,67550.37
1188,1,19,Female,Master,Finance,Urban,5,186739.43
1189,11,42,Female,Bachelor,HR,Urban,3,114339.37
1190,2,41,Female,Bachelor,Engineering,Urban,1,55005.74
1191,6,24,Male,Bachelor,Marketing,Urban,3,105089.54
1192,0,32,Female,Bachelor,Marketing,Urban,3,55111.4
1193,4,34,Male,PhD,Engineering,Suburban,1,124052.68
1194,9,33,Female,High School,Marketing,Urban,2,66657.59
1195,0,38,Male,Bachelor,Engineering,Urban,2,91287.72
1196,10,49,Male,High School,Sales,Urban,1,123780.09
1197,7,45,Female,Bachelor,Operations,Rural,4,62590.55
1198,3,21,Female,Master,Engineering,Urban,3,191669.43
1199,9,41,Male,Bachelor,Finance,Urban,5,231858.61
1200,16,48,Male,High School,HR,Suburban,2,98426.55
1201,8,38,Female,Bachelor,Engineering,Urban,5,150710.96
1202,5,45,Male,High School,Operations,Rural,1,36442.63
1203,8,55,Female,High School,Sales,Urban,5,171214.46
1204,11,45,Male,Master,Marketing,Urban,5,343589.72
1205,8,37,Female,Master,Finance,Urban,3,224573.56
1206,8,45,Female,Master,Marketing,Suburban,1,113033.83
1207,3,36,Male,Master,HR,Urban,5,91275.93
1208,4,35,Male,Bachelor,Engineering,Urban,2,88815.64
1209,0,31,Male,High School,Finance,Urban,1,64186.71
1210,18,50,Female,Master,Sales,Urban,2,271055.38
1211,0,26,Male,Master,HR,Urban,4,76269.23
1212,3,50,Female,Master,Engineering,Suburban,5,200975.63
1213,3,39,Male,Bachelor,HR,Suburban,1,49180.53
1214,3,21,Male,Bachelor,Finance,Urban,2,243280.31
1215,6,38,Male,Master,Sales,Urban,5,210503.87
1216,0,18,Male,Master,HR,Suburban,3,198377.94
1217,3,41,Female,PhD,Sales,Urban,2,116722.61
1218,9,43,Female,High School,Finance,Urban,2,129617.69
1219,2,29,Female,Bachelor,Sales,Urban,4,77574.48
1220,18,36,Male,Bachelor,Finance,Suburban,3,358766.16
1221,0,54,Female,Master,Finance,Rural,4,133829.98
1222,9,29,Female,High School,Sales,Suburban,3,72472.31
1223,6,24,Female,High School,Engineering,Urban,2,101314.08
1224,10,49,Male,PhD,Sales,Urban,4,341513.25
1225,6,54,Male,High School,Finance,Suburban,5,119650.98
1226,7,35,Male,Master,Engineering,Urban,3,184418.6
1227,8,45,Female,Bachelor,Sales,Rural,2,56609.46
1228,7,48,Male,Master,Finance,Rural,1,147355.26
1229,9,27,Male,Bachelor,Marketing,Urban,3,174931.18
1230,12,30,Male,Master,HR,Rural,3,213433.14
1231,4,47,Female,Master,Engineering,Urban,5,158351.66
1232,0,51,Female,High School,Engineering,Suburban,3,57768.38
1233,7,40,Male,High School,Finance,Urban,3,134829.87
1234,8,26,Male,Bachelor,Engineering,Urban,5,585376.29
1235,3,54,Female,Bachelor,Marketing,Suburban,5,85279.2
1236,11,29,Female,Master,Finance,Suburban,4,317627.26
1237,13,31,Female,Bachelor,Marketing,Urban,2,224420.7
1238,4,38,Female,Bachelor,Operations,Urban,2,51373.61
1239,11,50,Female,High School,Operations,Urban,4,109826.77
1240,17,43,Female,Master,Marketing,Urban,2,285541.55
1241,5,39,Male,PhD,Engineering,Urban,3,211939.77
1242,6,39,Female,Bachelor,Finance,Urban,4,150368.67
1243,4,35,Female,Bachelor,Sales,Urban,4,71490.98
1244,1,40,Female,High School,Engineering,Urban,2,40006.98
1245,0,18,Male,Bachelor,Finance,Urban,1,65205.3
1246,0,32,Male,Bachelor,Engineering,Urban,2,89009.59
1247,8,37,Male,High School,Finance,Urban,1,134952.57
1248,3,23,Male,Bachelor,Engineering,Rural,4,75129.29
1249,9,38,Male,Bachelor,Engineering,Urban,1,120838.96
1250,0,32,Female,Bachelor,Engineering,Rural,3,34342.31
1251,9,52,Male,Bachelor,Operations,Suburban,5,88223.29
1252,13,50,Male,High School,HR,Suburban,1,73185.93
1253,0,30,Male,Master,Finance,Suburban,5,128672.42
1254,10,33,Female,Master,Marketing,Suburban,3,172033.66
1255,15,34,Male,Bachelor,Marketing,Urban,5,311764.01
1256,0,30,Male,High School,Engineering,Urban,3,62334.54
1257,18,36,Female,Master,Sales,Suburban,5,334913.55
1258,9,27,Male,PhD,Sales,Urban,5,289184.03
1259,3,23,Female,Bachelor,HR,Suburban,2,34203.7
1260,7,41,Female,Bachelor,Marketing,Urban,1,88864.72
1261,11,41,Male,High School,Operations,Suburban,5,125012.16
1262,8,26,Male,Bachelor,Engineering,Urban,4,118718.16
1263,11,43,Female,High School,Operations,Urban,2,93435.13
1264,2,28,Male,Bachelor,Engineering,Urban,1,66621.89
1265,9,37,Male,Bachelor,Sales,Suburban,2,91586.17
1266,0,43,Male,Bachelor,Marketing,Suburban,1,46932.93
1267,7,34,Female,Bachelor,Sales,Urban,3,112366.8
1268,2,39,Male,Bachelor,Sales,Suburban,5,90754.91
1269,3,29,Female,Bachelor,Sales,Urban,4,93416.92
1270,15,33,Female,High School,Sales,Urban,2,153958.46
1271,14,32,Male,High School,Finance,Urban,2,172809.16
1272,9,27,Male,Master,HR,Urban,2,137699.53
1273,1,33,Female,High School,Finance,Urban,2,58356.96
1274,1,19,Male,Master,Engineering,Urban,5,156843.42
1275,12,30,Female,Master,HR,Suburban,1,110900.53
1276,8,32,Male,Bachelor,Sales,Suburban,5,152723.31
1277,14,32,Male,Bachelor,Marketing,Urban,3,361305.5
1278,10,32,Male,Bachelor,Sales,Urban,5,212976.47
1279,9,34,Male,Master,Marketing,Urban,5,288199.09
1280,6,39,Male,Master,Engineering,Urban,3,156745.2
1281,8,43,Female,Master,Engineering,Urban,5,295227.6
1282,7,28,Male,High School,Engineering,Urban,1,65646.81
1283,4,22,Male,Bachelor,HR,Rural,4,74615.69
1284,6,24,Male,Bachelor,HR,Suburban,3,79631.09
1285,3,30,Female,Bachelor,Operations,Urban,2,44957.06
1286,0,31,Male,High School,Finance,Urban,1,51796.66
1287,0,27,Female,High School,Engineering,Urban,4,59095.93
1288,4,22,Male,Master,Finance,Suburban,1,184101.51
1289,1,30,Male,Bachelor,Finance,Urban,1,57819.02
1290,0,36,Male,Bachelor,Sales,Urban,2,65185.93
1291,10,40,Female,Bachelor,Sales,Suburban,4,121940.07
1292,11,29,Male,Master,Operations,Urban,1,231643.98
1293,7,30,Male,Master,Sales,Urban,2,120851.06
1294,7,25,Male,Bachelor,Operations,Urban,3,126438.88
1295,8,34,Female,High School,Engineering,Urban,2,104825.87
1296,7,26,Male,Bachelor,Engineering,Urban,5,155249.64
1297,13,40,Male,Master,Sales,Urban,2,281672.4
1298,0,18,Male,Bachelor,Sales,Urban,2,61864.77
1299,9,31,Male,Bachelor,Finance,Urban,2,177994.77
1300,9,38,Female,Bachelor,Operations,Suburban,1,78165.58
1301,3,36,Female,Bachelor,Marketing,Urban,4,53806.9
1302,13,61,Male,Master,Engineering,Urban,2,276452.45
1303,6,38,Male,Bachelor,Finance,Suburban,2,112775.15
1304,3,24,Male,High School,HR,Suburban,5,48795.08
1305,11,34,Male,High School,Engineering,Suburban,5,141528.57
1306,0,18,Male,Bachelor,Sales,Urban,3,58227.92
1307,8,34,Female,Master,Finance,Urban,3,174539.16
1308,7,26,Female,Bachelor,Finance,Suburban,5,129006.63
1309,14,44,Female,Master,Sales,Suburban,4,299876.33
1310,10,29,Female,Master,Marketing,Urban,3,145811.5
1311,7,33,Female,Bachelor,Operations,Rural,4,67936.28
1312,10,28,Female,High School,HR,Urban,5,96095.45
1313,16,52,Male,High School,Sales,Rural,3,129980.37
1314,11,31,Female,Master,Marketing,Suburban,2,156391.78
1315,8,53,Male,High School,Finance,Suburban,5,185065.13
1316,0,43,Male,Bachelor,Engineering,Rural,3,71571.56
1317,1,39,Female,Bachelor,Engineering,Suburban,4,57377.48
1318,6,38,Male,Master,Sales,Urban,4,160415.73
1319,4,38,Male,High School,Marketing,Urban,3,79401.07
1320,0,18,Female,Bachelor,HR,Urban,4,59084.87
1321,8,32,Male,Bachelor,Engineering,Urban,3,113497.73
1322,11,43,Male,Bachelor,HR,Suburban,3,110661.97
1323,7,34,Female,Master,Marketing,Urban,4,129257.87
1324,2,20,Female,High School,Engineering,Urban,1,103624.17
1325,8,34,Male,Master,Engineering,Urban,2,213858.56
1326,0,52,Male,Bachelor,Operations,Suburban,5,88240.97
1327,2,47,Male,Bachelor,Finance,Urban,2,126502.0
1328,7,34,Female,Bachelor,Engineering,Urban,5,143973.61
1329,0,44,Female,Bachelor,Finance,Urban,5,133842.09
1330,11,31,Male,High School,HR,Suburban,2,83866.09
1331,0,18,Male,Bachelor,Operations,Urban,3,197820.7
1332,7,25,Male,Bachelor,Marketing,Suburban,4,181274.19
1333,6,50,Female,Bachelor,HR,Urban,1,45161.49
1334,14,32,Male,Bachelor,Engineering,Urban,1,208912.98
1335,8,32,Female,Master,Marketing,Rural,1,87842.35
1336,5,32,Male,Bachelor,Operations,Urban,2,76111.94
1337,4,54,Female,High School,Sales,Urban,2,77019.48
1338,6,51,Female,Bachelor,Marketing,Urban,3,93775.57
1339,5,57,Female,Master,Engineering,Urban,1,92549.2
1340,9,33,Male,Master,Finance,Urban,3,221094.69
1341,8,37,Female,Bachelor,HR,Urban,1,60418.46
1342,1,19,Female,Master,Marketing,Urban,2,106475.55
1343,10,49,Male,Bachelor,Operations,Urban,4,157235.69
1344,5,23,Female,Bachelor,Engineering,Suburban,4,245538.08
1345,13,37,Female,Master,Marketing,Suburban,4,212909.44
1346,0,24,Female,Master,Operations,Urban,4,62756.06
1347,0,29,Female,Bachelor,Marketing,Urban,5,68999.72
1348,8,26,Male,Master,Marketing,Urban,1,196963.87
1349,0,28,Male,High School,Sales,Urban,4,52123.02
1350,6,29,Male,Master,Finance,Urban,5,231456.26
1351,0,29,Female,Bachelor,Engineering,Urban,5,89420.16
1352,0,43,Female,High School,Operations,Urban,5,61080.17
1353,5,23,Female,Bachelor,Finance,Urban,3,175480.53
1354,12,37,Male,Bachelor,Engineering,Urban,3,211467.54
1355,4,47,Male,Bachelor,Finance,Rural,5,86372.7
1356,0,29,Female,Bachelor,Marketing,Urban,4,66549.54
1357,4,27,Male,High School,Sales,Suburban,1,40365.29
1358,10,32,Male,Bachelor,Finance,Suburban,2,117656.32
1359,0,46,Female,Bachelor,Operations,Urban,3,49459.21
1360,9,36,Male,Bachelor,Engineering,Urban,4,179291.47
1361,7,29,Male,Bachelor,Sales,Urban,4,118337.45
1362,11,39,Male,Master,Sales,Urban,2,162129.07
1363,5,23,Male,Master,Marketing,Urban,2,143504.17
1364,2,41,Female,Master,Marketing,Suburban,4,72040.07
1365,15,39,Male,Bachelor,Engineering,Urban,2,233249.07
1366,7,31,Male,Master,HR,Urban,4,125478.24
1367,7,26,Male,High School,Sales,Suburban,2,74397.01
1368,2,26,Female,High School,Engineering,Suburban,2,50864.59
1369,5,40,Male,Bachelor,Finance,Urban,4,113712.73
1370,2,47,Female,Master,Finance,Suburban,5,155083.27
1371,6,28,Male,Bachelor,Sales,Urban,4,105791.15
1372,18,39,Male,High School,Marketing,Urban,1,183803.95
1373,0,18,Male,High School,HR,Urban,2,28802.87
1374,0,29,Female,Master,Marketing,Urban,3,73225.11
1375,16,34,Female,Bachelor,Engineering,Rural,2,135069.82
1376,6,25,Male,Bachelor,Finance,Urban,1,79377.41
1377,3,25,Male,Bachelor,Engineering,Urban,3,91748.02
1378,10,28,Female,Bachelor,Engineering,Urban,3,205898.69
1379,4,37,Male,Bachelor,Engineering,Urban,4,127412.86
1380,15,33,Female,Bachelor,Engineering,Urban,5,330946.14
1381,0,18,Male,Master,Engineering,Urban,4,242516.07
1382,0,18,Female,Bachelor,Operations,Suburban,3,37934.91
1383,10,28,Female,Bachelor,Marketing,Urban,3,271371.19
1384,4,39,Female,High School,Engineering,Urban,5,79631.23
1385,0,18,Female,Bachelor,Engineering,Urban,2,174623.89
1386,9,30,Male,Bachelor,Operations,Urban,5,108610.15
1387,11,29,Female,Bachelor,Sales,Urban,4,223105.07
1388,17,48,Male,High School,Marketing,Suburban,2,196565.73
1389,8,31,Male,Master,Finance,Rural,4,177986.41
1390,3,38,Female,Bachelor,Marketing,Urban,5,95701.29
1391,10,36,Female,Bachelor,Marketing,Urban,2,95636.95
1392,0,18,Female,Master,Engineering,Suburban,5,75495.83
1393,20,42,Male,Bachelor,Marketing,Urban,1,277719.73
1394,8,37,Female,Master,Marketing,Urban,3,181093.31
1395,5,40,Female,Bachelor,HR,Urban,2,53454.04
1396,9,65,Male,Bachelor,Marketing,Suburban,3,113931.53
1397,0,18,Male,Master,Sales,Urban,1,39574.31
1398,2,52,Male,Bachelor,Engineering,Suburban,2,70416.56
1399,14,32,Male,Bachelor,Engineering,Suburban,3,203815.95
1400,4,37,Female,Master,Sales,Urban,3,142701.07
1401,1,34,Female,Bachelor,Operations,Suburban,2,42726.45
1402,11,30,Female,Bachelor,Marketing,Suburban,3,114777.22
1403,11,29,Female,Bachelor,HR,Urban,3,126783.95
1404,12,38,Male,Master,Marketing,Urban,2,196913.53
1405,1,19,Female,Master,Engineering,Urban,3,283939.52
1406,3,42,Male,Bachelor,Engineering,Urban,3,104304.9
1407,0,30,Female,Bachelor,Marketing,Urban,4,42292.46
1408,5,23,Male,Master,Engineering,Urban,4,378486.73
1409,6,30,Female,High School,Engineering,Urban,1,53609.27
1410,6,47,Male,Bachelor,Finance,Suburban,4,128820.56
1411,11,29,Male,Master,Engineering,Urban,4,402951.69
1412,11,38,Female,Master,Sales,Urban,1,163783.9
1413,9,27,Male,Master,Marketing,Urban,3,184447.81
1414,20,42,Female,Bachelor,Sales,Urban,3,350921.73
1415,4,41,Male,High School,Sales,Urban,4,78180.73
1416,13,53,Female,Bachelor,Marketing,Urban,1,179550.85
1417,8,33,Male,Bachelor,Marketing,Urban,3,105250.83
1418,9,41,Male,Bachelor,Finance,Suburban,5,202966.37
1419,17,35,Male,Master,Finance,Suburban,2,336653.33
1420,11,47,Male,High School,Engineering,Urban,2,143274.99
1421,9,27,Male,Master,Engineering,Suburban,2,193629.0
1422,14,42,Male,Bachelor,Finance,Suburban,4,270897.26
1423,5,33,Male,Bachelor,Marketing,Urban,2,71811.6
1424,2,34,Male,High School,Sales,Rural,2,33028.34
1425,1,35,Female,Bachelor,Marketing,Suburban,5,93940.59
1426,0,37,Female,High School,Engineering,Urban,3,54281.97
1427,15,33,Male,PhD,Sales,Urban,5,844508.04
1428,1,37,Female,Master,Sales,Urban,4,80974.71
1429,6,50,Female,Bachelor,Engineering,Urban,2,101729.33
1430,6,44,Male,Bachelor,Sales,Suburban,3,98762.96
1431,9,43,Female,Master,Finance,Urban,2,217011.58
1432,12,30,Male,Bachelor,Sales,Suburban,2,79389.09
1433,8,26,Male,High School,Engineering,Suburban,4,153712.61
1434,4,44,Male,Bachelor,Sales,Suburban,2,64724.31
1435,6,43,Female,Master,Finance,Suburban,1,125317.45
1436,9,49,Female,High School,Finance,Urban,3,113719.29
1437,6,28,Male,Bachelor,HR,Urban,3,60547.62
1438,14,32,Male,Master,Engineering,Suburban,1,258728.34
1439,0,18,Female,High School,Finance,Urban,4,106199.71
1440,12,31,Male,High School,HR,Urban,2,82106.03
1441,11,44,Male,Bachelor,Engineering,Suburban,2,119797.23
1442,12,30,Female,Master,Sales,Suburban,3,168201.58
1443,9,41,Female,Bachelor,Marketing,Urban,4,150566.78
1444,0,33,Female,PhD,HR,Suburban,4,59690.84
1445,10,38,Female,Bachelor,Engineering,Suburban,4,133363.23
1446,4,23,Female,High School,Sales,Urban,2,54500.29
1447,4,35,Male,PhD,Operations,Urban,4,127486.95
1448,0,18,Male,Bachelor,Finance,Rural,1,88161.47
1449,15,33,Male,Bachelor,Operations,Urban,5,236475.17
1450,0,18,Female,Bachelor,Operations,Urban,4,93905.03
1451,9,47,Female,Bachelor,Engineering,Urban,5,155534.25
1452,18,42,Male,High School,HR,Suburban,2,121876.46
1453,9,39,Female,High School,Sales,Urban,4,82465.43
1454,23,50,Male,Bachelor,Finance,Urban,3,479910.82
1455,7,25,Male,Master,Marketing,Urban,2,182097.86
1456,0,52,Male,Bachelor,Operations,Rural,1,35515.3
1457,12,44,Male,PhD,HR,Urban,1,178780.58
1458,10,32,Female,Bachelor,Finance,Urban,5,164856.53
1459,15,46,Male,Bachelor,Engineering,Rural,5,239101.98
1460,5,23,Female,High School,Engineering,Urban,3,145826.34
1461,7,26,Female,High School,Finance,Rural,3,53380.61
1462,0,28,Male,Bachelor,Engineering,Rural,1,36572.36
1463,6,29,Female,Master,Finance,Suburban,4,152220.1
1464,2,24,Male,Master,Engineering,Urban,1,96960.41
1465,4,47,Male,PhD,HR,Suburban,1,69521.4
1466,11,32,Male,Bachelor,Marketing,Suburban,3,124797.66
1467,18,38,Female,Master,HR,Rural,5,230070.04
1468,10,29,Male,Bachelor,HR,Urban,3,100023.48
1469,0,18,Male,High School,Marketing,Suburban,3,21980.95
1470,10,37,Male,Master,Engineering,Urban,3,252964.84
1471,0,18,Male,Bachelor,Engineering,Urban,1,223448.38
1472,4,34,Female,High School,Sales,Urban,4,70886.79
1473,3,21,Male,Bachelor,Sales,Suburban,1,58347.86
1474,8,54,Male,Bachelor,Finance,Urban,2,154670.77
1475,3,44,Male,Master,Sales,Urban,3,170711.52
1476,11,36,Male,Bachelor,Sales,Rural,3,132650.03
1477,7,47,Female,PhD,Marketing,Urban,2,188528.89
1478,8,26,Male,High School,Engineering,Suburban,3,109993.06
1479,2,40,Female,Bachelor,Marketing,Urban,3,62675.0
1480,5,36,Male,Bachelor,Operations,Urban,3,75315.12
1481,12,37,Male,Bachelor,Finance,Suburban,2,170783.71
1482,5,47,Female,Bachelor,Marketing,Rural,1,54748.7
1483,18,42,Male,Master,Sales,Urban,3,507539.78
1484,5,37,Female,Master,Finance,Suburban,4,166295.0
1485,0,18,Female,Master,Sales,Urban,2,104450.24
1486,7,25,Male,Master,Engineering,Urban,5,376525.45
1487,0,33,Male,Master,Engineering,Urban,2,110702.09
1488,0,35,Female,Bachelor,Sales,Urban,1,57622.69
1489,0,23,Male,Master,Operations,Urban,2,54247.84
1490,15,59,Male,Bachelor,HR,Urban,5,335033.49
1491,4,50,Male,Bachelor,Engineering,Urban,4,105058.84
1492,23,41,Male,Bachelor,Engineering,Urban,5,473552.28
1493,4,35,Female,Bachelor,Finance,Urban,2,91928.83
1494,9,32,Male,Bachelor,Finance,Urban,5,289736.57
1495,7,25,Male,PhD,HR,Rural,2,173972.4
1496,17,35,Female,Bachelor,HR,Suburban,4,541229.98
1497,19,37,Male,High School,Engineering,Urban,4,364713.31
1498,4,22,Male,Bachelor,Finance,Rural,1,146766.22
1499,14,38,Female,High School,Finance,Suburban,4,164525.02
1500,11,33,Male,High School,Marketing,Urban,3,132260.47
